,書籍名稱,作者,劇情簡介,分類
0,到老師府辦桌：台北老家族的陳家菜,陳玠甫,"台灣成長、美國留學、兩岸生活　　擁有老靈魂的現代說書人　　用一年的餐桌料理為您展示：　　台北老家族深厚悠遠的飲食文化 　　是食譜，也是故事；是飲食，更是文化　　做一道菜，寫一個故事，想念一個人　　到「老師府」裡找老台北的味道！ 　　「這是首次正式公開老師府『陳悅記』幾代以來幾乎沒有變化的菜餚。很多人不知道，柴米油鹽庖廚之事，其實具體而微的體現了中國人獨特的文化習性，這也是在吃喝了數十年後的我才猛然發覺的平凡中的不平凡：小小的細節有著大大的文章。」──陳玠甫 　　陳玠甫的身分多重，曾經是電視台主播、教育機構創辦人，甚至在中國大陸負責過古村落的規劃發展。熱愛中華傳統文化的他，來自於一個台北的老家族──「陳悅記」。「陳悅記」家族的祖宅「老師府」，由清末大龍峒的頭人陳維英之父陳遜言所建造，陳維英曾任當時兩大書院的院長，作育英才無數，地方皆以「老師」尊稱，因此稱其祖厝為「老師府」。 　　家學淵源的陳玠甫，在父親過世後，追思與祭祀之際，驚覺原本餐桌上習以為常的料理，竟然藏著深深的思念與悠久的歷史文化。然而出版本書，不僅僅是個人的追思，陳玠甫化身為一位「現代說書人」，從大龍峒老師府陳悅記的歷史談起，帶領讀者穿越時空，看見老台北繁華至極的風華絕代，也看見大時代裡大家族的興盛與衰落，以及新世代勇於傳承、善於創新的努力。 　　本書分做「開篇：北台灣的老陳家」、「續曲：吃一輪陳家菜」、「尾聲：近悅遠來同安樂」三部分。文字揉合了個人的家族記憶與集體的歷史脈絡，呈現出來自一個兒子的思念，身為後代子孫的責任，以及做為一個創業者的遠見。在續曲中，還特別以別緻而寫實的插畫，搭配從未公開的「陳家食譜」與「陳家故事」，透過圖文「說菜」，將已失落的記憶中的「陳家菜」，重新召喚出來，躍然紙上餐桌。 　　「吃，是跟我們生活最密切的活動之一，在文化傳承和傳遞中，姑且是個引子，從吃什麼、怎麼吃、什麼時候吃，去了解傳統文化、祭祀的獨特性和優雅，也許慢慢對於保護自己的文化，會有更多的接力賽持續下去吧！」──陳玠甫 好料推薦 　　丁曉菁│方文山│趙  怡│林俊明 　　全書寫作淺顯易懂，信手拈來、一氣呵成，而且仔細咀嚼，又能讀出作者慎終追遠，以及努力想為家人與在地文化傳承做些什麼的幽深情懷，著實增添了台灣餐飲故事迷人豐富的篇章。──丁曉菁│文化內容策進院董事長 　　一首歌能聯想起一段記憶，一道菜也可以。推開陳家府的大門，是來自老手藝的款款香氣，目及所至，最先是鼻子、然後是大腦中浮現溫情而果敢的家族故事，最後才是咽入喉中的那絲餘味。──方文山│華語流行音樂作詞人 　　作者雖以老家的飲食炊作為題，端上桌的菜色盡是上下古今的文史情懷和深沉而濃郁的家國之思。──趙怡│國際佛光會中華總會總會長╱國立政治大學副校長 　　這本書讓我們更看到「復興優雅文化」的重要性，讓我們一起來做一個有「品味、品格」的人，繼續傳承下去，共同來造就「幸福美滿的人生」。──林俊明│霧峰林家宮保第園區╱林本堂股份有限公司總經理",生活休閒
1,從零開始：一段從失去中，重新找到家與愛的旅程,滕碧．洛克,沒有任何人事能治癒失去摯愛的傷，還有什麼能夠重新帶來生命的力量？一個觸動靈魂，論及悲傷探索、飲食書寫與跨文化的愛情故事。★《紐約時報》暢銷書　★瑞絲．薇絲朋（Reese Witherspoon）讀書俱樂部選書★附16道充滿回憶滋味的西西里傳統料理食譜 在西西里島，愛、真理與悲傷都不是簡單而直接的，而是像遍布島上的橄欖樹一樣，把根深深藏在地下；必須讓它有充分時間融和在一起──不管那是愛、哀傷、喜樂，還是火爐上的一鍋食物。　　作者滕碧．洛克（Tembi Locke）在佛羅倫斯的街上與來自西西里的廚師薩羅（Saro）一見鍾情，但西西里家庭的傳統並不接受一位非裔美國女人成為媳婦，即使是女演員也不例外。薩羅與家人關係決裂，毅然決然搬到洛杉磯與洛克結婚。他們擁有各自的事業、深厚的友情，熱愛自己的生活，並領養了女兒佐拉（Zoela）。終於，他們與薩羅的家人和好，薩羅卻面臨了消耗夢想與生命的癌症。　　丈夫過世之後，洛克帶著女兒回到西西里島的奶奶家度過三個夏天，在奶奶的餐桌上找到慰藉與滋養，在純樸的鄉村找到不變的傳統與智慧，在旅程中體會對死去丈夫的憤怒、不捨、思念及無法抹滅的愛情。在西西里島，每個故事的開頭都離不開婚姻或死亡，而洛克的故事兩者兼具。　　這是一個關於失去，也是一個關於發現愛的故事。▍關於失去　　「製作一輪瑞可塔乳酪，跟面對悲傷有很多相似的地方。你要付出時間、勞力和專注力，把它擱置一段時間。你要有一雙輕柔的手、堅強的意志，在過程中會碰上壓力，經歷鹽醃，等待凝固。」▍關於婚姻　　「我體會到我跟薩羅有三段婚姻：第一段是我們新婚熱戀時期；第二段是我們跟癌症展開生死交戰；第三段是我現在作為他的寡婦。最後一段婚姻可能是最長的。他實際上沒有從我的人生消失，就像白天裡月亮其實沒有從天空消失。他無所不在，卻不可得見。學習在這樣的愛裡活下去是需要時間的。」▍關於食物　　「她的廚房讓我看到一種食材可以做成很多不同菜色。她的食物告訴我當陷於失落，或沉浸於愛時，如何展現可塑性和應變能力。」▍關於西西里　　「人生像一朵花，是我不斷照料栽培的。西西里就是水分和陽光，在我經歷失落之後滋養了我，讓我在人生中變得更堅強。」　　願每個愛過、失去過的人，找到屬於自己的西西里。感動推薦朱國珍│作家比    才│《家．酒場》作者、比家的日式餐桌主理人范僑芯／佐餐文字│《巷弄裡的台灣味》作者各界好評　　「這本美麗的回憶錄，帶我們進入洛克的愛情之旅，為人父母，並失去了丈夫薩羅。她學會以最美麗的方式療癒自我──仰賴家族三代女人的支持。除此之外，本書還有義大利美食！大量的義大利美食！」──瑞絲．薇絲朋（Reese Witherspoon）　　「一個白熾的愛情故事。洛克撰寫了一個充滿希望和啟發的深刻故事。在失落中可以找到偉大的美，讓被生活擊打而破碎的人們來說，看見重新轉換的機會。在這部令人難忘的回憶錄中，洛克向我們展示了這一段旅程多麼強大，並最終使人振奮。翻開這些書頁，您將永遠改變。」──克萊爾．比德韋爾．史密斯（Claire Bidwell Smith），《焦慮：悲傷的缺失階段》（Anxiety: The Missing Stage of Grief）作者　　「一部奇妙的回憶錄，述說著機會、尋找愛情以及在異鄉重新建造生命。滕碧．洛克在這本書中動人地講述了悲傷和治癒的奇蹟。」──萊拉．拉拉米（Laila Lalami），《摩爾人的帳戶》（Moor`s Account）作者。　　「在她的文學處女作中，演員兼TEDx演講者洛克闡述了一段浪漫的回憶錄，浪漫、失去的痛苦與恢復......這是一段迷失而被發現的迷人愛情故事。」──《科克斯書評》（Kirkus Reviews） 　　「滕碧．洛克生動活潑的回憶錄是一部史詩般的跨文化浪漫史，是一場悲劇，是一個關於發現自我的故事，最重要的是，它證明了美食簡單而直接的療癒能力。」 ──《書架情報網》(Shelf Awareness)　　「女演員與TEDx演講者洛克，生動地描述了丈夫去世後的三個夏天在義大利的悲傷和尋求慰藉的過程......洛克原始而真摯的回憶錄，安慰了失去親人的廣大讀者。」 ──《出版者週刊》(Publisher s Weekly),心靈勵志
2,太宰治請留步,黃文鉅,倘若你覺得自己三衰七敗，看不見明天的太陽，千萬、千萬不要急著去送死……痛必無獨，衰也有伴厭世系書生火力全開　　八年多前黃文鉅出了第一本散文集《感情用事》，書封上有一句文案：「家住太宰治隔壁」，完全是這位被張曼娟稱為現代書生的作家的最佳寫照。　　太宰已遠，書生的近作這就面世。黃文鉅以幽默自嘲及抒情美文並濟的風格，寫下想像中「家住太宰治隔壁」的種種內心戲，此「隔壁」自然為心境的貼近，融頹廢殉美與痞子情調於一爐，寫現代，敘傳統；時而旁徵博引，時而直見性命，令人又笑又悲嘆，不忍掩卷。　　黃文鉅自承與日本無賴派作家太宰治有極深的共鳴。太宰治的小說無疑是自傳式的私小說，把小說拉到幾乎是散文的地步，任性地流露厭世、自暴自棄的氣息。而黃文鉅則是把散文寫得像私小說，可以字字見血，慘到深處，又讓人懷疑，這不是真的，是小說吧？！　　輯一「諧瘍」，從星座、名人、社群媒體演算法，到自古至今迷戀顏值的傳統，都能寫出不枯燥而令人拍案叫絕的文學新意。輯二「人間失禁」再度將黑色幽默放大絕，詼諧自嘲毫不手軟。〈太宰主義〉剖析太宰治一生際遇與心境起伏，文間對照作者自身人生歷練的坎坷辛酸，甚至吶喊：「相較之下，太宰治好命多了。」幽默嘲諷令人發噱，洞悉人性又犀利令人喟嘆。末輯「逆行」中寫了流行動漫、文學名著，以及旅遊世界各地體悟的「人蔘杯具」。從日本著名動漫《鬼滅之刃》入手，想起太宰治說過：「不幸的人，對別人的不幸很敏感。」也期許自己將來在某領域有所成就之際，也能效法炭治郎那樣溫柔待人。遍讀文學名著的他筆下不是尋常的讀書心得，而是處處和自己人生互為譬喻。一篇〈魔山〉寫好友自死離世，至情至性，不禁讓人思索，假如「愛過的人一個個絕情而去」，你我，會怎麼做？　　或許，等到風景都看透，人情冷暖皆嚐遍，「已讀不回」令人齒寒，不如似太宰「已死不回」反倒帥氣？！而正如孫梓評推薦稱：「太宰治一心求死，敘述者卻企圖在通往死的路途上喊住幽魂，縱有不甘，接住各種墜落，抱擁命運給予，借太宰治之形與名，實為馬賽克鑲嵌的一幅自畫像」，這本集子裡現代書生的各種嘔心瀝血隔空喊話，恐怕連太宰治讀了都要留步駐足，頻頻回頭。名人推薦　　楊佳嫻　專序評讚　　黃麗群（作家）　　　　　　　　　　　　孫梓評（作家）　燃燒推薦　　陳系美（資深譯者）　　長年住在太宰治隔壁的書生，終於寫出了「本格太宰治」。我尤其喜愛黃文鉅和太宰治的互文。他談太宰是我非常罕見，可說唯一吧，不是老套地把重點放在太宰和女人的糾葛上。我實在厭煩透了那種談太宰不圍繞著太宰和女人就不會說話的，因此相當驚喜。果然是住在隔壁才有的洞悉力。　　如果太宰治是牡羊座，大概像黃文鉅這樣吧。但看了也滿心疼的，如果牡羊座太宰治能再任性點，至少有鄰人雙子座太宰治的十分之一，或許會好過些。──陳系美（資深日文譯者）　　此書透過特定聲腔的「演出」，活現後現代寫作中，對原始文本的拼貼再製、諧謔戲仿。書中第一人稱不改書生本色：聽聽歌，追追劇，讀讀書，做做人，偶爾自解鈕扣／自曝身世，或以筆記體戳穿人間，或以寓言體敷演職場夢遊，但心眼雪亮，重頭戲是大篇幅長散文，體內小劇場跟火山板塊運動一樣頻繁。　　在降低的抒情中，核心苦澀慢慢裸出，太宰治一心求死，敘述者卻企圖在通往死的路途上喊住幽魂，縱有不甘，接住各種墜落，抱擁命運給予，借太宰治之形與名，實為馬賽克鑲嵌的一幅自畫像。──孫梓評（作家）　　太宰治的裝模作樣總透露出滑稽，分不清悲劇或鬧劇，藉著小說的帷幕遮羞，半真半假之間傾心吐膽，硬擺出帥氣狀以後肯定得扭到脖子，搞笑解除尷尬。《太宰治請留步》也是如此，出入於文學故典，哭喪著臉，偶爾怒吼，情不自禁搜尋怪胎的蹤跡，凝視摺疊的倒影，括號內卻總要搞笑……還得學會自嘲，可是，會不會有笑著笑著無論如何都笑不出來的時刻？──楊佳嫻（作家）,文學
3,淡軼,文生,"33個故事、33種人生，33也是耶穌死亡的年紀，但這數字同時也有種特別的味道。 整個世界的不同人生，我嘗試不要以這麼悲傷的語調呈現我腦中想像的故事，但有人曾說過：「悲劇比喜劇好寫。」這本短篇集裡有喜有悲，我想那已經夠滿足我的想像。 動物園裡發瘋的動物們的計謀、A片男演員的心情故事、努力創作的作家奇怪的時刻、身不由己的流氓、咖啡廳裡微清新的邂逅、身負重任的兩個刺客的任務、感到巨大寂寞的中年人、被拋棄的狗與貓之間的故事….. 不論是什麼樣的故事，不論是世界上該被注意或忽略的事，都會持續不斷地延續下去…..",文學
4,征服職場 Day by Day：小桌曆英文超給力系列,賴世雄教學團隊,,語言學習
5,心靈療癒 Day by Day：小桌曆英文超給力系列,賴世雄教學團隊,,語言學習
6,我每天吃十四顆藥，依舊相信會得到幸福,劉力穎,"深入過痛苦，所以更懂得珍惜生活中的每一份感動和快樂。 　　經歷超過11年憂鬱症的百萬點閱率新生代Youtuber──劉力穎　　10段淚中帶笑的真實故事 ×  10篇憂鬱症患者的生活感悟 x 30張日常心情塗鴉創作　　寫給對人生、工作、生活失去勇氣的你。 　　「我想死嗎？」……有時候我會問我自己這個問題。　　但在我走上追尋答案的路程時，我必須說，我很努力、很努力活著。 　　我，就是憂鬱症患者。　　我帶著我的憂鬱症，像懷抱一個無人知曉的秘密。它隨著我，跟著我，潛伏著我。　　我微笑的時候，它存在；我吃飯的時候，它存在；我睡覺的時候，它存在；我難過的時候……過的時候？那是它占據我的時候。 　　※憂鬱症不可怕！周遭人對憂鬱症的無知，才是康復的最大障礙　　有人說：　　「她長得好看，家裡經濟也不錯的樣子，怎麼會得憂鬱症？」　　有人私訊我：　　「妳怎麼還不去死？妳不是生病嗎？」　　還有人說：　　「她就是裝病啦，我看她還曾經一邊走一邊笑，笑得出來，最好是憂鬱症啦！」 　　好像憂鬱症的人，就不用生活似的。　　好像憂鬱症的人，都不需要吃飯上廁所睡覺。　　好像憂鬱症的人，每天只要面壁流淚就好。 　　其實，憂鬱症患者也一樣吃飯睡覺上廁所，也一樣會笑會說話會走路，只是……只是不是我選擇了憂鬱症，而是它選上了我。　　我無法選擇。 　　就是普通的一天，普通的生活的某一天，憂鬱症像個以前就認識的朋友，它提著它古老的皮箱，輕輕敲了我的門。　　我打開門，只看到禮貌的它。　　它對我說： 　　喔嗨，妳好。妳也許不認識我，但未來妳會熟悉我。 　　說完，它便進入了我，成為我的一部分。等我發現時，它已經生出芽根，長入了我生活的土壤裡。 　　我沒有選擇。　　再正確一點說，我連選擇都還不知道是什麼時，就已經被憂鬱症選上了。 　　※選擇及時就醫、正確治療路徑，憂鬱症是可以治癒的。　　烏雲出現時，邊緣都帶著明亮的光。　　我一直到今天，仍在努力的活著。　　有很多人曾經寫信給我，問我該怎麼有自信、明亮的活著，我實在說不出來。 　　也許就是不放棄吧。 　　放棄太簡單了。放棄就像是自己在百米賽跑的比賽裡，決定躺下來一樣──雖然現在的我偶爾也會躺著趴著，像一隻被生活輾壓過的老狗。可是我還是覺得放棄太簡單了，難得來到這世界，就算很難，我也想試試看。 　　藉由這本書，希望能給你一點力量。　　讓我們一起挑戰「人生」這個困難的遊戲吧！ 　　◆本書獻給每個憂鬱不安的靈魂　　．分享憂鬱症的徵狀及治療歷程，邀你一起迎接光明燦爛的未來。　　．公開內心的傷疤及憂鬱症患者的生活感悟。你將不再感到孤單。　　．陪伴憂鬱症患者面對每個想自殺的念頭，讓人往前繼續走下去。 療癒推薦 　　．臨床心理師/作家－洪培芸　　．臉書粉專/網路平台－小鬱亂入 Depressy Trouble",心靈勵志
7,誰偷走了農地？：影響每一個人的台灣農業與農地公平正義,彭作奎,台灣糧食供應危機，多年來所發生的農地亂象，政治駕凌專業的歷史真相，本書一一揭露！民國八十九年農發條例修正案通過後，開放農地自由買賣，允許農地農宅興建，有如打開潘朵拉的盒子，造成優良農田大量流失！執政者漠視社會大眾只為眼前個人利益的價值觀，忽略農地流失可能引發的糧食供應危機！農地總量面積逐年減少，農地利用亂象逐年增多。台灣的農地被濫用、誤用、占用，愈來愈嚴重！台灣的每一塊農地都成為游資炒作的商品，使得台灣的農地價格是全世界最高的國家。台灣的農地和農業還來得及搶救嗎？近年台灣農地大量流失，被工廠、豪宅、太陽能板占據，這都與政府的農地政策與農糧政策有著密切關係，特別是農地開放自由買賣以來，很多優良農田快速消失，已成為台灣不能再漠視的重大議題。在地方政府人力預算不足情況下，維護農地農用形同口號，農地上違法的豪華農舍、工廠林立，嚴重破壞農業經營環境。現在政府推動農業種電，更是帶頭破壞農地的行為，使得農業發展受到嚴重傷害。務實的思考如何合理的使用農地，農業使用不再以耕作為限，如何發展農業成為可獲利的事業，讓從農者能有一定的收入，才能確保農地的合理使用。產學合作可共創雙贏，農業與科技結合，從產品開發、生產、管理到行銷，都能因科技與資訊的高度發展而有結構性的變革，可創造產業更高的利潤與附加價值。農業的發展更是與糧食的供應息息相關，台灣是個島國，當發生天災人禍，或國外進口斷鏈，或發生戰亂，屆時缺糧危機將是嚴峻的考驗。如何防止另一次的農地浩劫，怎麼做才會有台灣農業的未來？書中一一列舉出台灣潛藏的諸多危機，提出諍言，值得社會大眾一起深思。專文推薦趙守博│前總統府資政黃榮村│考試院院長廖祿立│台灣閱讀文化基金會董事長陳保基│台大名譽教授許舒博│中華民國全國商業總會理事長黃明耀│前農委會水土保持局局長,社會人文
8,錢要投資 賺到退休 賺到自由健康：阮慕驊的人生體悟,阮慕驊,"理財、理健康、理人生看人氣不老阿丹如何做 歷經2020年台灣股市由3月滑落谷底，又一路直直向上，台股不斷創新高。為什麼知名資深財經節目主持人阮慕驊卻早在今年年初，就頻頻警告2021牛年必有大震？     從小就深受在銀行上班的母親影響，耳濡目染財經時事，阮慕驊在1991年跳入他最喜歡的財經報導工作。40歲起辭掉穩定收入的平面媒體工作者，成為電視、廣播界最早的斜桿工作者。如今才55歲，就已財富自由。    阮慕驊以他的親身體悟，在本書中，分析如何為自己一方面努力工作，一方面藉由投資理財，早早為自己賺進退休金。  50 歲起，長期緊繃的每天財經節目現場主持工作，他發現自己自律神經失調，開始肌力訓練、練瑜珈、吃有蛋白質的白肉飲食及蔬果，也瘦了12公斤。     一向樂於分享的阮慕驊，在本書中分享如何縱觀大環境趨勢，賺得長期的時間財（定期定額存股，尤其是存穩定的龍頭股），也研究投資營收、利益正在高成長期的公司，賺取短期機會財。    同時不管是身處在好好壞壞的景氣環境中，他也提供了如何認識股市的本質，分享他跟國外的理財大師學到了什麼樣的理財精華。     他對人生有十大體悟，藉由本書分享給讀者朋友；也根據從自己青、壯、中年等各階段的人生歷程，給老、中、青的讀者一些理財原則建議。  從小要自立更生，到現在仍與85歲的老母同住，阮慕驊的理財與人生，可說是倒吃甘蔗，愈來愈甜。 本書的主旨就在把作者自身的體會，經由2020年到2021年經濟和金融市場的戲劇性演變為範本，介紹給讀者。以這一段人類前所未有的疫病經歷為時空背景，試圖讓讀者體會並思考，如何同樣地建立起自己的人生核心價值，並不單單只是退休金規劃這麼單一的思維而已。",商業財經
9,醒了就好：擁抱真愛的14段旅程,措尼仁波切,擁抱真愛，其實是個放鬆的過程，這個過程，是要連結最初的愛，超越習性的束縛，找回美好的自己。 　　14段檢視自我的旅程，　　帶你直視想法、感覺與身體的反應，　　突破各種習氣的牢籠，接收內在智慧傳達的真實訊息。　　我們害怕在不熟悉的情況下會面臨障礙，甚至受到傷害。我們累積了一層又一層的「我是誰」與「我能夠達成什麼」的想法。我們學習如何定義自己，並且緊緊抓住這樣的定義，這個「自我」的維持程式，讓我們無法發掘生命的本質──開放、無懼與愛。　　本書作者措尼仁波切以鮮活、幽默且善用譬喻的風格，一方面結合了深厚的修證體驗，一方面精確掌握了當代形形色色人們的生活特質與困境，因此清晰且精準地指引了佛法在現代生活中的應用之道。全書詳盡地分享他如何跨越自己的心牆、揭露控制我們生命多年的各種習氣，並且提供各種禪修方法突破自我的形象，引導我們培養一種清新、活潑與正面的角度看待自己的情況、自己的面貌與能夠達成的目標，讓我們記得「我是誰」的真相。在14段練習的過程中，再度喚醒我們的能量與富足，不僅為我們的生命帶來永恆的滿足，同時也激發並鼓舞了整個世界。名人推薦　　索甲仁波切（Sogyal Rinpoche）　　措尼仁波切是一顆稀有的珍寶，這位老師將佛教傳統的甚深知識，以非凡的洞見結合我們在現代世界所面臨的挑戰。在本書中，他透過日常生活的例子，巧妙地結合「本質愛」與「微細身」的甚深教導，讓我們明白克服恐懼與侷限是辦得到的，並且點燃每個人內在本俱的無限智慧與慈悲。　　李察‧吉爾（Richard Gere）　　本書激勵我們去尋找自己暫時失去的東西，並且開始踏上修道，再度連結我們深層的本質，那是喜悅與開放，超越所有的條件與制約，就如同無雲且明亮燦爛的天空。　　丹尼爾‧高曼（Daniel Goleman）　　措尼仁波切以獨特的方式，融合了通往覺醒之路深切的智慧、燦爛的明性與童心。他以令人愉悅的故事，提供一條實用心理學的洞見與心靈的方法，從這些生動與甚深的內容中，我們感受到與他同在的喜悅。凡是想要擁有更愉悅生活的人，《醒了就好》這本精采的指引，提供你進入更深奧的意義、更寬廣的心，以及愛的火花。推薦序作者    　　陳玉慧（劇作家、散文家、小說家、記者）,心靈勵志
10,下雨也不怕！我有好辦法,序映 서영 Seo Young,★榮獲熊津少年圖畫書獎冠軍★下雨了沒有傘該怎麼回家？可以哦！粉紅豬想出了11種方法本書充滿孩童視角不設限的想像力每個想像力，都是一種自我鼓舞的力量！正向樂觀的小勇者，你也可以！外面下著雨，粉紅豬捧著扭蛋站在文具店門口，他沒有帶雨傘，家裡也沒有人……「不過沒關係，因為我有辦法可以不淋雨就回到家喔！」「有很多的家，都可以暫時借用一下。」粉紅豬把烏雲和樹幹當作傘，把小鳥、小狗、金魚和青蛙的家也當作傘，甚至連黑熊、河馬和恐龍也都來參一腳。「看吧，我不是說過可以不淋雨就回到家嗎？」聽到這句話，代表粉紅豬他真的辦到了！想知道他回家的過程如何可以不淋雨嗎？◆以開放且不埋怨的樂觀心態，全面接納生活給予的挑戰雖然下著雨，但是卻不影響回家的心情，天氣不能給我陽光，我就不能露出陽光般的微笑嗎？樂觀勇敢的粉紅豬滿腦子只想著如何安全的守護手中的扭蛋，又可以不淋雨就回到家！完全不會因為下雨就停滯不前，而是願意接受挑戰、勇敢前進！◆轉換思考、解決困境，能自得其樂也能讓旁人會心一笑下雨時就應該要撐傘，但是沒有傘，就來找個替代的東西吧！任何你所能想到的與想不到的，樂觀勇敢的粉紅豬全都幫你想好了！就像和整個世界做朋友一樣，有想像的方法也有現實的辦法，無論如何，都是一種為自己加油打氣的力量，正向又充滿能量！ 【適讀年齡】適讀年齡：3~6歲親子共讀；6歲以上自己閱讀 。文字附注音，適合親子共讀，也適合孩子自己讀。,親子 教育 兒少
11,142種超好玩的親子畫畫BOOK：開啟孩子的觀察力，30秒畫出可愛小世界,"作者　智慧場Wisdom Factory
插畫家　劉成鐘",畫畫好好玩！滿足大人、小孩的畫畫書手殘爸媽也會畫！教出愛塗鴉的小孩！簡單4步驟，輕鬆畫出小朋友最想學的圖畫！好奇心＋觀察力＋想像力＋創造力＝啟發無限繪畫力讓孩子從畫中學，學中畫，一邊畫一邊訓練觀察力，滿足對世界的好奇！開開心心的滿足想要畫畫的渴望和對日常生活的好奇吧！你是不是常常因為孩子的一句「媽媽，車子要怎麼畫？」、「爸爸，為什麼飛機會飛？」等十萬個「為什麼」的問題，而被打倒呢？現在手上只要有這本書，所有煩惱都可以迎刃而解！同時，也能滿足孩子的創造力和好奇心，增添親子間的互動樂趣。★ 滿足孩子的好奇心浩瀚的宇宙有什麼呢？消失的恐龍長怎麼樣呢？昆蟲有什麼共同特性呢？對世界充滿好奇的小朋友，藉由畫畫來滿足他們的求知慾吧！★ 模仿是創意的開始簡單4步驟教學，輕鬆畫出想學的圖案，進而開啟繪畫的無限可能，引導孩子創造出自己的風格。★ 培養敏銳的觀察力畫畫前，藉由實際圖片觀察物體的長相與特徵，車子像是四方形、瓢蟲用小圓與大圓組成頭部與身體、老鼠的頭像是三角形等等，本書收錄的122種圖案，都有說明觀察重點與小知識，讓孩子在畫畫的過程中，培養敏銳的觀察力並增廣見聞。★ 啟發無限繪畫力利用簡單的線條，輕鬆勾勒出122種圖案，大人小孩都能成為塗鴉王！本書收錄了小朋友熟悉、有興趣的主題，例如各種動物、昆蟲、恐龍、鳥類、交通工具、球類、太空人、樂器等等，讓小朋友發現繪畫的樂趣。★ 增近親子感情大人和小朋友一起畫畫的過程中，可以了解他們的興趣與專長；忙碌的家長在工作之餘，可以透過畫畫與孩子對話，也為孩子的童年生活留下美好的記憶。小孩畫畫時，露出開心的笑容，就是世界上最美麗的圖畫！◎用畫畫，傳遞想法與感情對於說話、寫作尚未發展成熟的小孩而言，表現自己的想法與情感最親密且有效的方法便是畫畫，透過線條的反覆練習，慢慢培養出用畫筆表達的能力。◎小朋友不再依賴爸媽，學習自己觀察很多時候要大人隨手畫出具體完整的圖畫，都不是一件簡單的事，更何況是握力及觀察力都還不足的小朋友。與其要小朋友「自己畫畫看」，不如藉由這本書，帶著他們從觀察、到一筆一畫勾勒出圖案，書裡還有放入聯想指導，像是電風扇的葉片是豆子，孔雀的羽毛是波浪雲朵等，在畫畫的過程中，提升小朋友的觀察力，更能增加親子互動。◎從模仿開始，開啟創意之路小朋友並不會完全看著參考圖照著畫，雖然一開始可能會先模仿學習，但隨著越來越得心應手，就會按照自己想畫的方式進行，甚至還會用大人都不曾想過的方式，畫出充滿創意的圖畫，「模仿是創意之母」，千萬別擔心小朋友的創意會被受限。◎本書四大特色特色一  畫畫前，先學習觀察透過照片先觀察整體樣貌，瞭解該物體具有哪些外貌特徵，讓小朋友從圖片中更加認識物體樣貌，並培養出敏銳的觀察力，就連大人也會發現自己過去不曾注意的細節。特色二  簡單上手！輕鬆勾勒出圖案化繁為簡，清楚圖解，只要四步驟，照著畫，從學習模仿中，畫出具體樣貌，握力不足的小小孩，爸爸媽媽也可以握住他們的小手，一同進行描繪。特色三　邊畫邊學小知識，開啟孩子的視野在描繪的過程中，或是在完成繪畫後，可以一邊跟孩子講解描繪對象的小知識、原理等各方面的小知識，讓孩子自然而然之中，對這個世界更加了解。特色四　收錄小朋友最喜歡的八大主題動物、昆蟲、恐龍、鳥類、交通工具、球類、太空人、樂器，一本收錄小朋友最想學的主題，不知道畫什麼好時，隨手翻閱，靈感立即湧現！,親子 教育 兒少
12,101種書的使用方法,"作者 朴善和(박선화) 
繪者 金住京(김주경)",一座圖書館即將面臨拆除的命運取而代之的是能刺激消費的大型購物賣場知識閱讀與市場經濟如何平衡？一場社會正義與世代價值的角力拉鋸戰即將展開！媽媽說：「要讀書才能成為了不起的山羊！」市長卻說：「蓋這間圖書館是我人生中最大的失誤！」到底誰才是對的呢？梅里羊居住的村莊來了一位新市長，並且建蓋了一座圖書館，但是因為前往圖書館的人實在是少之又少，市長打算在退休前拆掉圖書館，並計畫在原址改建賣場購物中心。前往圖書館參加夏令營的梅里羊遇見了市長，並突如其來的向打算拆掉圖書館的市長頂嘴！市長只好允諾，如果能找到101種書的使用方法，就不會關閉圖書館。於是許多人開始分享書的使用方法：•在書裡藏私房錢•在書裡壓樹葉當標本•小寶寶拿書來磨牙•拿書來當枕頭•用書當隔熱墊梅里羊真的能找到101種書的使用方法嗎？圖書館面臨關閉的危機，最後的命運會是如何呢？你也來幫忙想一想吧！◆圖書館與購物中心，兩者存在的社會價值，值得深思！金錢與經濟法則給予人們機會去思考判斷一件事的價值標準。這座圖書館其實也是市長的政績，當初他蓋這座圖書館時也希望能獲得市民的喜愛，但沒想到經營的結果卻令人失望！因此才會有取而代之賣場購物中心的建設計劃。圖書館是傳遞知識的閱讀價值，購物中心是促進地方消費的經濟價值，兩者對市民而言都是福利設施，但是否珍惜資源與善加利用，就是一個值得深思的問題。◆透過尋找101種書的使用方法，期待每個孩子都能與書本成為好朋友！書，其實不只是記載著知識而已，也不是只有文字而已，還包括圖畫或照片等等，世界上的書有千奇百萬種！每一種書都有它特殊的意義。有的人透過書本來學習，有的人透過書本來認識這個世界，有的人則單純的喜歡與書本獨處，沉浸在書的世界裡，也有的人就像書中的老奶奶一樣，就算她不識字，卻能透過書本來懷念爺爺，睹物思人最能撫慰人心……希望透過這本書，讓每個孩子都能重新找到與書本相處的樂趣，與書本成為一生相伴的好朋友。【適讀年齡】適讀年齡：7~12歲。文字附注音，適合親子共讀，也適合孩子自己讀。,親子 教育 兒少
13,1291阿卡圍城戰：十字軍保衛聖地的最後一戰,羅傑．克勞利,"「地中海史詩三部曲」作者羅傑．克勞利最新作品挾著《海洋帝國》、《一四五三》、《財富之城》35,000本銷售佳績歷史名家羅傑．克勞利相隔五年又一磅礡巨作，重磅回歸離此一步，即無死所！精采重現1291年劇力萬鈞的阿卡圍城之戰一齣由十字軍、馬穆魯克人、蒙古人所共演的戰爭大戲基督教世界的存亡，就在此一役！【本書內容】一二四四年，基督教世界的聖城耶路撒冷落在穆斯林手中，前後共兩百年的聖地十字軍大業，就只剩下最後一個據點──濱海城市阿卡。阿卡城是座繁榮而安泰的港都，市民輻輳、商賈雲集，吸引了來自義大利、埃及、黑海、中東等地的商人來此處做生意。在聖城失守後，阿卡也成了耶路撒冷王國的經濟與政治首都，是基督教海外世界首屈一指的城市。此外，阿卡的城防固若金湯，有數十座高聳的塔樓與堅實的堡壘，並駐守由聖地三大騎士團：聖殿騎士、條頓騎士、醫院騎士為首的上萬名兵力。他們正密切注意著穆斯林世界的風吹草動。但時間來到一二九一年，阿卡城卻遭遇史上前所未見的馬穆魯客人大軍壓境……離此一步，即無死所！基督教世界的存亡，就在此一役！《1291阿卡圍城戰》是一本奠基於扎實研究工夫的歷史著作，節奏明快且扣人心弦。作者克勞利巧妙接合一手史料與妙筆生花的說故事工夫，先鋪陳聖地淪陷後的歷史背景，再細膩描述作戰前各山頭勢力的勾心鬥角、合縱連橫，以及十字軍與穆斯林血淋淋的交戰實景，彷彿讓人身歷其境窺得這段歐洲歷史上的關鍵戰役，眼看基督徒是如何一步步走入死亡的深淵。【國際書評】克勞利在氣氛與行文的掌握上有著令人稱羨的本領，而這些能力也在本書中展露無遺。他藉此把讀者帶到一個滿布異國風情、陌生聲色和氣味的聖地。阿卡城被圍後陷落的過程，在他筆下結合了千鈞一髮的動作劇情、猛暴的野蠻行徑，還有令人欲罷不能的人物刻劃。我願意負責任地說，這是歷史敘事的顛峰之作，在一個有生命而感受得到呼吸的世界裡，充滿了真實存在的人物，還有他們在史詩戰役中的奮鬥、求生與死去。──播客節目《歷史的浪潮》主持人派翠克．威曼博士（Patrick Wyman）羅傑．克勞利再次覓得了可與其傲人才華匹配的歷史題材。在本書中，他讓高潮迭起的十字軍舞台再次以雷霆萬鈞之勢甦醒了過來，只見教宗、國王、準蘇丹領著神聖的戰士，跟身邊的蒙古人、馬穆魯克人、聖殿騎士們，一起在混戰中爭奪聖地的霸業。那當中有火藥時代來臨前，最後的偉大戰役，有令人心跳不已的騎士衝鋒與刀光劍影，有別出心裁的圍城工具與大小拋石機，有鎖子甲與長槍，有希臘火帶給人的恐懼。克勞利筆下的阿卡城陷落令人難以抗拒。什麼狀況下你會覺得讀完後仍意猶未盡，這本書會告訴你答案。──《俄羅斯革命》作者西恩．麥克米金（Sean McMeekin）出自歷史名家之手的又一曠世之作。此一劃時代的歷史事件經過他豐富的歷史知識折射，盡顯出其「不可等閒視之的象徵意義」。──科克斯書評扣人心弦且研究工夫到家…… 這是本齒縫與爪間都染著鮮血的歷史記錄。──《伊斯蘭帝國》作者賈斯汀．馬婁茲（Justin Marozzi）克勞利的過人之處在於他能在引人入勝的敘事中，天衣無縫地加入學術的嚴謹。他選擇講述的故事或許本身就能讓人捏把冷汗，但他硬是能把前因後果交代地比誰都精采。──麥可．普羅傑（Michael Prodger），《金融時報》克勞利是生來要說歷史的故事能手，他一個眼神就能揀選出繽紛但又帶有訊息的細節，信手拈來就能把人物勾勒得十足立體，閱讀樂趣的金字招牌。──克里斯多福．哈特（Christopher Hart），《週日版泰晤士報》不同凡響的歷史，劇力萬鈞的口氣，加上會讓一大票歷史學者可望而不可及的條理與自信。──諾亞．馬爾坎（Noel Malcolm），《週日版電訊報》【羅傑．克勞利在馬可孛羅文化的作品集】《海洋帝國：決定伊斯蘭與基督教勢力邊界的爭霸時代》《1453：君士坦丁堡的陷落》《財富之城：威尼斯共和國的海洋霸權》《征服者：葡萄牙帝國的崛起》",社會人文
14,希特勒的賓客簿：二戰時期駐德外交官的權謀算計與詭譎的國際情勢,讓－克里斯多弗．布希薩,一本未曾曝光的希特勒外交宴賓客簿，揭露二戰期間最驚心動魄的政治遊戲！周惠民｜國立政治大學歷史學系教授黃春木｜建國高級中學歷史科教師劉仕傑｜時代力量國際中心主任／前外交官――好評推薦（依姓氏筆畫序）外交宴賓客簿解鎖二次大戰期間歐陸祕史一個又一個賓客簽名，一項又一項人性與歷史的見證法國記者讓─克里斯多弗．布希薩在俄羅斯聯邦軍事檔案庫中找到一份從未曝光的二戰歷史文件：希特勒的外交宴賓客簿，其中記錄著自一九三九年至一九四五年，參與納粹政府重要場合的外交人員與訪客簽名。隨著希特勒不斷進犯歐洲各國，對德宣戰的國家與日俱增，這些與德意志第三帝國密切往來的人員不僅身處險境，也時時面對著良知的掙扎。他們之中有的同情猶太人，暗中發放簽證，幫忙他們逃往他國；有的深陷希特勒的魅力之中，認為納粹終將攻克眾多敵國；有的表面上雖是中立國身分，私下卻支持納粹，為的是避免祖國落入納粹手中，或唯恐史達林上位毀滅西方文明；有的則落入效忠母國與自身安危的掙扎之中，深怕走錯一步就踏上毀滅之路……在這本文筆精湛、情節緊湊刺激堪比諜報小說的著作中，布希薩爬梳當時的KGB報告與世界各國外交檔案，透過當局者的視角重現二戰期間諸多事件場景，讓人宛如置身情勢詭譎的第三帝國首都柏林，更道盡當時外交人員的處境，以及參戰各國的爾虞我詐。好評推薦：有關希特勒或「第三帝國」的討論已是汗牛充棟，本書作者另闢蹊徑，從俄國軍事檔案庋藏的「第三帝國」禮賓部門舉辦宴會時的賓客簽名簿找出線索，講述一九三九年德國與世界主要國家的關係逐漸發生變化後，各國外交人員的處境，論述或觀察角度都令人耳目一新。――國立政治大學歷史學系教授　周惠民二戰結束迄今已七十六年，但近年來相關著作仍紛紛出版，題材更是推陳出新。除了受益於新觀點的解析之外，最重要的還是塵封的檔案文獻陸續浮現，揭開前所未見的歷史現場。本書主要以一九三九至一九四五年間柏林總理府外交宴會賓客名單的變化，架構德國與各邦交國隨著戰事進行的曲折互動。本書不是小說，但比小說還精采萬分，因為不可能有一位小說家能憑空設想數十個國家駐德外交官在慘烈戰爭和詭譎國際情勢中的權謀盤算，以及各自跌宕起伏的終局。――建國高級中學歷史科教師　黃春木如果你對外交官的真實工作面貌有興趣，相信你會喜愛《希特勒的賓客簿》這本書。這本書談的是歷史，也是個人。書中將外交官這份看似高尚的工作除魅化，但同時加上了許多人性血淚。――時代力量國際中心主任／前外交官　劉仕傑,社會人文
15,20歲，才開始：你要不斷進化，然後驚豔所有人,魏漸,當當圖書99.9%好評，幫助百萬迷茫年輕人找到方向──6堂職場必修課，讓人生自己說了算！平凡不是唯一的答案，進化的人生才有更多可能。決定未來可以走多遠的，不是原始能力，而是進化能力。學歷和背景不如人？學生時期表現不夠亮眼？對現職工作興趣缺缺？感覺旁人比自己優秀？找不到人生目標？對未來感到迷茫？如果你也有以上想法，請記得──人生還沒走到最後，都不算輸！所以，別再自我設限了。你需要做的是動起來，不停探索、累積，成就更好的自己。只要學會以下六件事，你也能不斷自我突破，創造無限可能。►換位思考，站在更高的角度看問題。►把握所學，多方嘗試，累積本事。►找準自身定位，打造核心競爭力。►全力發展自身優勢，找到生存之道。►與人建立良好、互相成就的關係。►想要對應變化，你需要終身成長。本書聚焦大多數職場新鮮人的各種疑難雜症，透過最有共鳴的故事，幫助你在迷茫中找到方向，在想放棄時找回力量，在卡關時發現突破方法，不論世界變化多快，都能走在夢想的路上！,心靈勵志
16,出一張嘴就夠了：50條讓你溝通順利、商品狂賣的科學方法,諾亞．葛斯坦、史帝夫．馬汀、羅伯特．喬汀尼,"◎ 亞馬遜網路書店說服類第一名！行銷類第一名暢銷書！◎ 《紐約時報》、《華爾街日報》、《商業週刊》、《今日美國》排行榜暢銷書。◎ 《出版人週刊》專文推薦！◎ 入圍英國皇家科學書獎決選作品！◎ 《時代雜誌》讚譽：「社會心理學版的《蘋果橘子經濟學》。」  說服不是一種藝術，而是科學。全球「說服行銷」三大權威，傾囊教授凌駕所有商業法則的道理！ ‧為什麼談判時聚焦於數字，可以讓你避免陷入情緒的陷阱‧為什麼只要多一張便利貼，就越容易讓對方接受你的要求‧為什麼多給一顆薄荷糖，就能讓服務生的小費增加23％‧為什麼稍微增添一點麻煩，反而會讓顧客趨之若騖‧該怎麼承認錯誤才能夠將公關危機轉為轉機‧有什麼飲料可以提升你的說服力‧說服的「姓名學」如何運作‧為什麼NG商品，反而能在網路上賣到好價錢 即便自認說服力薄弱，也不需要鍛鍊說服技巧或簡報能力！只要利用簡單的科學方法，就可以翻轉局面！小小改變，就能讓人心服口服，發揮無與倫比的影響力！  ──本書精彩應用實例──‧你可以用積極且光明面的說法，讓你的目標對象更願意遵循你的期望去行動‧你可以創造各種「不方便」，讓潛在顧客更願意與你密切合作或交易‧你可以提高贈品或服務的價值，讓對方更認定你賦予商品或時間價值‧你可以在集點卡上先蓋上兩格，讓顧客更願意完成你為他們設定的目標：蓋滿後面八格‧你可以邀請潛在消費者大量列出其偏愛的競爭對手的商品的理由，以突顯自家商品或服務的優勢  ──國際媒體盛讚──「……，本書確切地告訴我們如何讓別人說：『YES』。每個人都應該讀讀這本令人讚嘆的書。」——史丹福大學商學院教授傑佛瑞‧菲佛（Jeffrey Pfeffer） 「最棒的一本導引也是精華，教你如何改變人們的想法，包括你自己的。」——暢銷書作家暨南加大商學院教授華倫‧班尼斯（Warren Bennis） 「本書改變了我們看世界的方式。書中思維真的很讚，千萬不要錯過！」——《時代雜誌》（TIMES） 「……，本書告訴我們許多可以增強企業行銷策略的絕佳方式。」——《出版人週刊》（Publishers Weekly） 「《出一張嘴就夠了》是我讀過的商業書裡頭的前十名好書。」——暢銷書作家蓋伊‧川崎（Guy Kawasaki） 「珍貴的新知識大發現，給予我們許多很棒的見解來探究顧客的購買行為。」——英國航空機上雜誌（British Airways In Flight Magazine） 「在今日世界裡，說服已經成為政府組織必要且重要的任務了，更凸顯了本書珍貴之處。」——皇家藝術協會執行長馬修‧泰勒（Matthew Taylor）",商業財經
17,青春期父母求生指南：學校諮商師教你破解孩子對於人際關係、課業、兩性等62道關卡,尹多玉,★韓國Aladin網路書店親子類TOP10逾十週、青少年類TOP100！★韓國Yes24網路書店5星好評！孩子在轉大人，父母也要升級至2.0！「那個曾經眼睛閃閃發亮、充滿夢想的孩子到哪去了？」為什麼再也搞不懂小孩在想什麼？為什麼總是忍不住對他們生氣？韓國知名諮商心理師寫給所有走投無路的家長，教你讓孩子從叛逆到主動談心！身為中學諮商教師以及兩位孩子的母親，作者透過十幾年來在任職的學校中所經歷的真實故事，以及自己養兒育女的經驗，解讀孩子進入青春期後心理上的變化，以及各種行為背後的心聲。書中也提供許多方法，幫助父母更懂得如何面對各種情形，成為孩子最堅強的後盾。你是否也經常有以下疑問：孩子想聽到什麼？不想聽到什麼？沒有什麼比父母的話更有影響力，孩子通常會以此來確認自己「重不重要？值不值得被愛？」快來檢視你對孩子說的話吧。>>孩子不想聽到「去讀書，你什麼時候才要讀書？」、「〇〇這麼棒，你怎麼這樣？」、「你只能做到這樣嗎？」、「你看看你變多胖」、「你長大了要幹嘛？」>>孩子最想聽到「今天很累吧？」、「辛苦囉～」、「做得好！」、「我愛你」、「多休息」、「我們去吃好吃的！」、「來，給你零用錢～」、「去玩吧！」孩子看起來都沒在讀書，卻一直說「壓力好大」？世上沒有毫無課業壓力的人，大家都希望自己功課很好、很會讀書、很會考試，因此不要對孩子說「不好好唸書，到底有什麼壓力？」、「還不快去唸書？拜託你認真一點好嗎？」父母可以依照孩子的程度，協助他們設定實際的分數目標，幫他們從達成目標的過程中累積自信心，愛上讀書。開學沒多久孩子就擔心交不到朋友，怎麼辦？父母必須多多鼓勵孩子，讓他們知道不是只有自己在經歷這些事，想要建立珍貴的關係，有時候需要努力多跨出一步，也難免失敗個幾次，不要因此就感到失望、氣餒。沒有天生就會帶小孩的父母，我們不需要完美無缺，陪伴才是最重要的。現在就用傾聽、理解、支持、鼓勵，和孩子攜手破解青春期的每一道關卡吧！專業推薦（按照姓氏筆畫排列）李貞慧　親職作家李崇建　台灣青少年教育協進會前理事長林上能　諮商心理師／臺灣阿德勒心理學會副理事長林怡辰　原斗國小教師胡展誥　諮商心理師陳安儀　親職作家陳志恆　諮商心理師、作家陳品皓　米露谷心理治療所執行長舒霖　《小心肝變大暴龍》、《心理師的眼睛》作者彭菊仙　親子作家楊俐容　親職教育專家溫美玉 FB社團「溫老師備課Party」創辦人盧蘇偉　世紀領袖教育基金會執行長,親子 教育 兒少
18,牠不是普通的狗：海豹隊員與軍犬開羅走過戰火療癒彼此的人生,威爾．切斯尼,有時候無論你再怎麼努力，傷口就是無法癒合……沒有比狗更無所求的付出，牠狙殺了賓拉登，也救了我的人生。2011年5月，海豹部隊在「海神之矛行動」中成功狙殺賓拉登，當時最廣為人知的突擊隊員正是軍犬開羅。這是一個關於一隻軍犬如何名留軍史的故事，也是馴犬師威爾用生命銘記的故事。開羅對威爾來說，不只是一同走過生死的戰友，更是救命恩人。這是基於互相尊重與信任產生的緊密關係。在經歷同袍罹難、自己中彈的身心雙重創傷後，威爾開始出現創傷症狀並罹患嚴重頭痛，是開羅將他從瀕臨崩潰的狀態中拉了出來。你真誠的雙眼望進我的靈魂，搖著尾巴毫無保留地守護我；我也將回應最大的溫暖陪你到最後。嘿，開羅，謝謝你從這個殘酷的世界救了我。當無情的戰火、冷酷的政治決策者、陳腐的官僚體系環伺在側，在這個殘酷而絕望的世界中，人與狗之間跨越物種的真摯情誼是彼此僅存的一絲溫暖。在開羅退役後，威爾給了開羅一個很棒的家，他們彼此陪伴，就像過去他們一直在為對方所做的一樣。感動推薦「前美國海軍海豹突擊隊員帶領你深入了解特種部隊的生活，並向他的軍犬夥伴開羅致上最高的敬意……所有愛狗人士與軍事迷都會對這本書深深著迷。」——《出版人週刊》「對我來說，閱讀這本書不僅是為了狗，或是為了海豹突擊隊的故事，而是因為它如實呈現了最珍貴的情感羈絆：一個人和他最好的朋友之間跨越物種的情感。」——邁克．桑頓（Mike Thornton），前海豹隊員，榮譽勳章持有者「這不是那種常見的戰爭回憶錄。是的，威爾曾是最高級別的海軍海豹突擊隊隊員。是的，當我們殺死賓拉登的時候他也在那裡。但這個故事是關於也在現場的另一位同伴：開羅。開羅是當晚唯一與我們在一起的狗，但這並不是我們唯一一段與牠一起出任務的時間。我本人曾在許多不同的戰場上與開羅並肩作戰，也與牠一起在全球訓練。我們曾一起吃飯，也曾和牠一起看電影。我們都曾這麼做。自戰爭爆發以來，軍事工作犬一直待在前線，並且挽救了無數的生命。這是開羅的故事。」——羅伯特．奧尼爾（Robert J. O`Neill），前海豹隊員，紐約時報暢銷書作者「本書展示了人與狗之間互相治癒和救贖的過程……這是人與動物之間的情感紐帶。更重要的是，這能夠鼓勵罹患創傷後壓力症候群(PDST)和創傷性腦損傷(TBI)的人們尋求動物的幫助。」——軍事工作犬隊支持協會,心靈勵志
19,日文段落論：提升閱讀寫作技巧,石黑圭,日文作文、簡報、新聞、日常對話、日語檢定讀解與聽力需要具備的判讀能力就在這裡揭秘理解文意、傳達己見事半功倍！讀者常覺得日文文章像迷宮、反覆議論中抓不到重點。但你知道「寫文章」這件事其實就像搬家一樣嗎？作者需把浮現在腦海裡無數的句子排列整齊後，放到名為「段落」的箱子裡，然後，把這些「裝箱的」內容寄送到「讀者腦袋」這個新家。本書特色特色1：掌握「箱子」、「資料夾」、「巧克力」，日檢讀解不再卡關作者用生活中常見的事物比喻「段落」功能，帶你藉由改變思考方式，瞭解「易懂」的關鍵所在。並透過學習分段的原理，進而掌握閱讀技巧。特色2：正確運用「核心句」與「接續詞」，作文表達精準無礙學會判讀之後，如何寫作呢？本書舉出各式句型特徵、使用方法及實際運用的例句，教你如何整理想法並「寫清楚」，有效率地傳遞想表達的事項，讓對方跟著你的邏輯走，增加文章說服力。特色3：日常對話、PPT簡報、社群貼文，段落應用輕鬆上手現代社會中的「段落」，概念已不限於傳統書面文章，諸如網路新聞、日常對話、PPT、海報、社群貼文當中，處處存在著「段落」。書中針對現代與未來生活將遇到的多樣化媒介，根據各媒介量身打造段落技巧，讓你總能抓住對方的眼球與耳朵！推薦者林潔珏｜《超簡單日文小日記》、《裝個日本人，這77句就夠了。》作者王湘榕｜靜宜大學日本語文學系助理教授Tiffany｜「講日文的台灣女生」人氣日文教學YouTuber陳明姿｜台大日文系名譽教授、前台大文學院副院長藤本紀子｜文化大學推廣部人氣名師、《商用日文Email範例》作者喬曉筠｜政治大學日本語文學系助理教授、日本一橋大學言語社會研究科博士,語言學習
20,內向又怎樣，不刷存在感也能成交！：不炒氣氛、不高談闊論、不強迫推銷，讓內向者自在工作的階段式業務推廣法,渡瀬謙,★亞馬遜網路書店讀者一致好評★★日本內向業務員熱烈迴響★★獨家收錄業務格言100句★　　說到業務員，一般人的第一印象不外乎是：　　開朗、健談、積極，還得有軟磨硬泡的厚臉皮。　　但難道怕生慢熟、情緒敏感、容易緊張結巴的你，　　就不適合當業務嗎？　　日本知名「沉默業務員訓練師」渡瀨謙打破刻板迷思，　　告訴你具有內向特質的人，最有潛力成為超級業務員！　　【不說不知道】超適合業務工作的五大內向型特質：　　1. 一板一眼，所以更值得放心託付　　2. 不善言辭，所以更專心傾聽客戶　　3. 個性怯懦，所以做不來強迫推銷　　4. 很神經質，所以對細節感知敏銳　　5. 過分在意，所以顧客感受為優先　　渡瀨謙結合自身經歷及指導超過萬名業務員的心得，　　獨創「階段式業務推廣法」，　　將業務推廣過程整理成六大步驟，　　不炒氣氛、不高談闊論、不強迫推銷，　　幫助內向的你將容易吃悶虧的短處化為優勢，　　不在客戶面前狂刷存在感也能單單成交！　　六大階段業務推廣法，讓你的內向特質用對地方：　　階段1開發新客戶　　Ｏ 抱持平常心，找尋對商品有需求的客戶，不顯露急迫的「推銷味」。　　Ｘ一心只想賣出東西，講話口氣親暱裝熟，不斷拜託客戶。　　階段2破冰　　Ｏ 有技巧地挑選話題，想辦法「讓客戶一直說話」，卸下客戶心防。　　Ｘ 只想炒熱氣氛，不斷講著笑話，讓客戶根本沒有開口的機會。　　階段3探詢　　Ｏ 目的明確，用三個問題引導客戶說出真心話，精準掌握客戶期望。　　Ｘ提問漫無目的，只想從客戶口中聽到「我要下單」，無法找出客戶的「隱性需求」。　　階段4簡報　　Ｏ 善用探詢時掌握的資訊，打造只提供必要資訊、最適合客戶的重點簡報。　　Ｘ 提供千篇一律、資訊過多、說明太冗長的簡報，根本沒回應客戶想解決的問題。　　階段5收尾　　Ｏ為猶豫的客戶排除不下單的理由；對於不下單的客戶，不緊迫盯人，果斷列入跟催名單。　　X 眼中只有還不下單的客戶，在對方面前狂刷存在感、死纏爛打展開強勢說服及推銷。　　階段6跟催　　Ｏ瞭解客戶情況，保持良好互動關係，將客戶清單分等級並視覺化管理。　　Ｘ 只是按表操課去拜訪清單上的客戶，沒有積極更新個別客戶現況及下單意願。　　只要掌握每個階段的訣竅，就能吸引訂單主動找上門，　　讓「內向個性」成為你最好的績效武器！本書特色　　1. 以自身和學員實例，循序漸進地說明，再輔以實際情境會話，內容簡單易懂，容易上手。　　2. 提供詳盡的階段式業務推廣流程圖，搭配內文一目瞭然。　　3.日本內向業務員實際操作，個個訂單滿手，業績不發愁！　　4. 附錄業務格言一百句，濃縮作者多年心法，業務碰壁或迷茫時，隨時點醒你。專業推薦　　Mr.Market市場先生／財經作家　　王淑華（小黛）／Milliman Consulting 資深顧問　　洪仲清／臨床心理師　　晉麗明／104資深副總經理　　張瀞仁Jill／美國非營業組織Give2Asia家族慈善主任　　張邁可／超級業務商學院執行長　　蘇予昕／諮商心理師、《活出你的原創設定》作者　　蘇益賢／臨床心理師、初色心理治療所副所長　　（依姓氏筆劃排序）好評推薦　　【來自內向型業務員的熱烈迴響】　　◎「能成為超級業務員固然值得開心，但更重要的，是發現原來我這種內向個性也能在社會上暢行無阻，人生觀有了一百八十度的大轉變！」（二十八歲，廣告業務員）　　◎「我好驚訝！原本整整十年業績都不見起色，不只學弟瞧不起我，連我自己都對業務工作半放棄了，沒想到竟能成為王牌業務員！」（三十五歲，製造商業務員）　　◎「最讓我開心的轉變，就是以往把我視為眼中釘的主管，竟然開始在眾人面前稱讚我了！」（三十二歲，保險業務員）　　◎「我的業績一直很差，原本心想遲早會被公司開除，如今能成為王牌業務員，都要歸功於『階段式業務推廣法』。」（二十六歲，建商業務員）,商業財經
21,照護年邁父母的勇氣：阿德勒心理學x肯定自己x修復親子關係，照護者的心靈自癒指南,岸見一郎,《被討厭的勇氣》作者岸見一郎，第一本完整書寫照護年邁父母的心路歷程。以「阿德勒心理學」出發，提醒子女肯定自己「默默守候在一旁的力量」，學會自我調適、找出親子關係的突破點，安然走過艱辛又漫長的照護之路！□看著父母的症狀已經嚴重惡化，不停自責「應該要更早發現」嗎？□明明還有兄弟姊妹，卻獨自扛著沉重的照護責任，耗盡所有體力和精力嗎？□和父母的關係不佳，照護時總有疙瘩，如何改善彼此之間的「權力爭奪」？□生病的父母覺得自己沒有價值，應該怎麼幫助他們才好？□照護時總覺得很無力，父母連一句感謝都沒說，我是不是做得不夠好？□父母經常提出無理的要求，長久下來令人氣憤又崩潰，能不能讓我休息一下？面對父母衰老、生病，而自己成為照護者時，除了必須拿出時間與體力，照顧無法自理的父母，還須顧及親子間的關係，種種考驗伴隨著病症所衍生的問題，讓照護父母成為一項艱難的任務。當照護者被沮喪、無力的負面情緒淹沒時，該如何自救？岸見一郎以自身經驗向讀者分享照護心得，並結合「阿德勒心理學」，夾敘夾議，書寫當父母生病、需要照顧時，如何陪伴、相處與自我調適。★成為父母的夥伴，學習生命中的意義為減輕照護時的精神負擔，岸見一郎將多年的照護經驗、心路歷程完整分享，引領我們從中體悟年邁父母帶來的人生意義，例如「活在當下」、「正向看待老化」、「以其他角度重新審視這個世界」、「憑自己的力量獲得幸福」……人生無法倒轉，我們終究得在歲月的累積中，找到正向意義。★注重「當下」，與父母重新建立良好關係在照護父母的過程中，難免會遇上觀念不合的時刻，導致氣氛緊繃、關係僵化。對此，阿德勒心理學主張「注重當下」，雖然難以拋開過往的爭執，但若想與父母重新建立關係，就必須抱著從頭開始的心態去相處。岸見一郎提出「退出權力鬥爭」、「別把父母理想化」、「不要思考為什麼」等方法，提供照護者有效改善親子關係，一步步去除生活上的疙瘩，真摯地坦誠相對。在照護路上，我們只能與「眼前所見」的父母一起過日子，因此，接受父母變老、變得軟弱或固執、亟需扶持的事實，並適度地尋求外援、正向思考，才是正確因應之道。【安慰推薦】（依姓氏筆畫排序）方格正／臨床心理師周慕姿／諮商心理師洪仲清／臨床心理師陳嬿伊／精神科醫師、微煦心靈診所院長劉仲彬／臨床心理師蘇益賢／臨床心理師、初色心理治療所副所長龔文凱／家天使平台創辦人,心靈勵志
22,外星人的便便卡住了,"作者／安英恩안영은
繪者／李朱蕙이주혜",一場星際大戰馬上要展開！導火線竟然是因為……外星人便祕了？小弘總是挑食、不吃蔬菜，在廁所馬桶上便便大不出來又好痛！這個時候，只見一隻兔兔匆忙拉開浴簾，浴簾後是一片草地，兔兔咚咚咚的向前跑走。小弘穿起褲子趕忙追上，他們跑過草原、爬上山丘，最後穿上太空衣，搭上一台蔬菜造型的火箭。沒想到兔兔緊張的說，宇宙大戰馬上要開始！原來外星人因為太空沒辦法種蔬菜，沒吃蔬果的大家，便便全都卡住了，一直便祕的外星人心情都變得好糟糕，小弘和兔兔該怎麼阻止這場大戰呢？孩子們總是愛吃這個、不吃那個，尤其蔬菜、水果最容易被討厭。偏偏蔬果富有大量纖維，可以幫助我們的腸胃蠕動，讓身體健康。故事中偏食的小弘透過與外星人的接觸過程發現，一直沒有吃蔬果對身體造成的影響，連心情都變得不好，而且便祕也很不舒服。蔬菜是我們很珍貴的食物，不挑食、保持飲食均衡的孩子最健康！【適讀年齡】▲ 適讀年齡：3～6歲，學齡前、低年級。▲ 文字附注音，適合親子共讀，也適合孩子自己讀！,親子 教育 兒少
23,為什麼我不能一直玩手機？,渼釪（Miu）,過度使用手機會傷害你的雙眼與感知看不到窗外美麗的世界與美好的人事物一個發人省思的智慧小故事衡量獲得與失去的價值「聽說只要去龍宮，就能獲得免費的智慧型手機！」「哇！真的嗎？」鱉先生帶領兔子們興奮的坐上龍宮巴士，立刻出發前往龍宮。走進美麗又閃爍的龍宮，裡面擺滿了最新款的智慧型手機，兔子們全都看得目瞪口呆！鱉先生說：「在領取智慧型手機之前，有一個條件！」「我們的龍王大人生病了，據說只有兔子的肝臟能治癒這個疾病，因此我們需要你們的肝臟。」「啊！這太荒謬了！」不過為了想獲得免費贈送的智慧型手機，兔子靈機一動說服鱉先生說：「等拿到手機回到家後，我們就會交出肝臟了。」看到這裡，小小讀者們是否為小兔子們捏把冷汗！兔子們最後真的有交出肝臟嗎？為了免費的手機而交出肝臟，這麼做真的值得嗎？◆「獲得免費手機」與「失去肝臟」，兩者價值的聰明取捨免費獲得昂貴的東西固然高興，但如果代價是必須失去健康，相信任誰都知道如何權衡利弊得失。物質的享受是一時的，但是失去健康的代價是很痛苦的！健康是最重要的，不值得用任何東西去換取健康。◆適當的娛樂是「休息」，過度沉迷卻是「惡習」沉迷於智慧型手機是現代人的通病，但其實不只是手機，沉迷於電玩或電視，失去了原本該有的生活作息，例如：飲食、運動、休息與人際互動等等，結果導致不正常的生活型態，這都是需要極力避免與自覺自省的。【適讀年齡】適讀年齡：3~6歲親子共讀；6歲以上自己閱讀 。文字附注音，適合親子共讀，也適合孩子自己讀。,親子 教育 兒少
24,大師級手沖咖啡學：選豆．烘焙．手沖．品飲，咖啡教父傳授沖出好咖啡的重要小細節【隨書附20支示範影片QRcode】,崔榮夏,,生活休閒
25,好主管一定要學會責罵的技術：主管這樣罵人，部屬感激你一輩子【暢銷新裝版】,嶋田有孝,"好主管，一定會罵人。90％的主管不敢、不會、不懂得如何責罵，只要用對的「責罵方式」取代情緒化，部屬就會追隨你一輩子。 主管職和一般職員的最大不同，在於主管的工作並非「力求自我表現」，而是管理並領導團隊成員，帶領大家達成團隊目標。在管理的過程中，有90%的主管苦於以下的問題：「部屬犯錯時，該罵？不罵？」 不懂得「責罵技術」的主管，分成兩大類，一、害怕破壞人際關係，無法出聲責備下屬二、沒辦法冷靜的指出下屬的錯誤，流於情緒化的發怒無論哪一種類型的主管，都必須要有以下3個覺悟。1.責備，不是傷害，是對下屬的幫助；指出錯誤，才有成長的機會。2.主管的責任不是維持八面玲瓏的人際關係，要有「就算被討厭也沒關係」的認知。3.責備，是讓被罵的人了解犯錯的原因，而不是讓你發洩失敗的挫折感。 ◎說出「該說的話」，就是主管的工作很多主管能輕鬆地執行工作，表現很好，可是，一旦要求他帶人時，卻效果不佳，「管理職不適合我」、「是不是自己的能力不夠」等，挫折感不斷，開始懷疑自己的能力。工作，是一個角色；公司，是一個舞台，充分了解「這個工作應該做的事」，就能扮演好自己的角色。 考慮到對方心情或是擔心被討厭，因此無法明快地在下屬犯錯時責備、指正的主管，可以先從「這是角色扮演」開始，認知到現在的工作就是「帶領懂得反省、不再犯錯而能獨當一面的下屬」。 ◎這樣責備部屬，他會反過來感激你！1.搞清楚狀況，再開口對遲到的下屬大吼：「搞什麼鬼！這是第幾次了？」「抱歉……今天捷運發生機械故障，被關在車廂裡好久。」這時候，就算再說「應該先打電話進來說明原因吧！」也無法讓氣氛緩和下來。即使主管為下屬指出正確的處理方式，已經先被劈頭一陣罵的下屬，根本聽不進去。主管應該這樣說：為什麼今天遲到了？當下屬說明原因：「今天捷運發生故障，被困在車廂裡。」你應該這樣回答：「情有可原。不過，下次可以先打電話回公司，大家都為你擔心呢。」※確認事情真相後再做出處分，下屬會更信服你。 2.犯錯的當下，就要立刻開口指正責備的最佳時機，就是「當場並即時」的責備。趁事情剛發生不久、記憶猶新時立刻糾正，讓下屬修正做法，他的感受和記憶會特別深刻，再也不會犯相同的錯誤。相反地，如果主管當下沒有出聲指正，直到第二次、第三次，主管責備的同時，還加上這句話：「你之前也這樣，我從那時候，就一直想說你了……」非但無法收到讓下屬自覺錯誤並改進的效果，反而只會讓他認為「幹麼一直翻舊帳啊？」以及「原來，你從那時候就一直都是這樣看我的」，造成下屬產生負面情緒。※「責備」也有時效性，事後翻舊帳無法讓下屬反省，只是徒增他的不滿與挫折。 3.責備的時間，三分鐘就夠了責備的時間越長，事情的焦點就會越模糊，對方的專注力也無法持續。沒人喜歡「被罵」，被罵的時間越長，就越聽不進去。責備的目的，是要讓對方「發現自己的錯誤」，因此責備的重點應該是「如何讓對方接受、如何讓他主動改善」。長篇大論的責備常淪為怒氣的發洩，如此一來就會漸漸失焦，起初被責罵的下屬也會覺得很緊張，可是隨著被罵得時間越拖越長，緊張感也隨之消失，到最後只想著「到底要講多久？怎麼不快點結束」浪費了彼此的時間，卻毫無效果。※嘮嘮叨叨的罵人，反彈的心態會大於反省。 4.只針對一件事責備，絕不扯到其他責備，是讓對方發現自己做不好的部分。如果同時間提出兩個、甚至三個做不好的地方，只會讓被責備的人感到混亂，聽完之後，不知道該從何改進才好。而且，人都不喜歡被罵，一次被指出好幾個需要改善的地方，被責備的下屬也會心情不好。原本責備的本意，是希望他能知道錯誤，是向下屬提出改善的提案，是一個建議，所以一次針對一件事講就好。※講的方向越多，焦點就越模糊。 5.明確說出你希望的目標對辦公桌上總是雜亂無章的下屬說：「你不覺得自己的桌子很亂嗎？整理乾淨一點！」只會收到當天的成效，過幾天桌子又亂了。為什麼會這樣？每個人對「整齊」的標準不同，主管應該說出自己的要求，明確的目標，讓下屬有確切的遵循方向。「下班或外出時，文具用品跟文件須完全收拾乾淨，桌上只能放電腦和桌曆。」在交辦其他的工作時也一樣，明確說出自己期望的目標和準則，就能清楚和下屬目前的做法比較，在他沒做好時，也能明確的說出該改善的地方。※主管要具體說出期待，讓下屬有依循的標準。 6.責備後，不要只聽下屬的道歉當主管詢問下屬的工作進度時，他回答：「真的很抱歉！還沒有完成。」這時，主管通常會這樣說：「還沒有做好啊？要掌控時間，不然後面進度會完全趕不上！」下屬通常也會直接道歉：「對不起！我會盡快完成。」這時候，主管是不是認為，只要再補一句「下次要注意！」就好了？「下屬道歉後就算了」的責備，只是表面上的斥責，就算當下問清原因馬上指正，下屬也不會因此成長，主管必須這樣確認：「你以前都是如何訂出工作計畫的？」「完成多少百分比了？還有多少沒做好？」「遇到什麼障礙，怎麼會卡住？」「還沒做好的部分，需要多久才能完成？」把沒做好的理由弄清楚，下屬如果再遇到類似的問題時，他就知道問題在哪，就不會再犯相同的錯誤。※為什麼沒做好？要怎麼做才能做好？把理由都找出來。 ◎因責備而產生的衝突，是讓團隊活絡的關鍵經營學者彼得‧杜拉克（Peter Ferdinand Drucker）曾說：「組織的文化，並不是指相處融洽。重要的不是感情好，而是工作的狀態好。不以工作上得到的滿足，或因工作關係得到的調和為基礎的人際關係，即使看似融洽，但實則貧乏，這會讓組織文化腐化。這不會使人成長，只會使人順應或退縮。」 在一間公司內，要讓組織活化，衝突就不可欠缺。而這種衝突之一，就是「責罵」。「藉著指責沒有做好的部分，讓對方發現問題，於是產生『成長』的化學反應」這就是責罵的目的，害怕因責備而帶來衝突，下屬和團隊就都不會成長。只想著要跟下屬們和樂相處，只是阻礙自己身為主管的工作，也會阻礙下屬的成長、阻礙團隊的成果提升。主管的角色與下屬不同，不要害怕因責備而帶來的短暫衝突，和下屬因此產生的負面情緒。「我是以主管的身分在栽培下屬」、「我一定要把這個團隊，變成最棒的團隊」、「為了這個目標，我會認真責備下屬」，有這樣的使命感，才能給予主管們「責備的力量」。 本書特色★正面討論「責罵」對管理的重要性，以及正確的責備所帶來的好處。★從心理層面剖析責罵方與被責罵方，了解最有效的職場責備技巧。★年長的部屬、年輕的部屬、找藉口的部屬、頂嘴的部屬，舉出四大類部屬的有效責備法。★配合多個職場情境，實際說明好主管如何因應不同狀況選擇責備的方式。",商業財經
26,如果三隻小豬懂經濟學：小學開始就該懂的經濟學概念,"作者 朴遠培（박원배） 
繪者 宋延善（송연선）",經濟影響著每個人生活的日常熟悉的童話人物如果懂經濟學，結局竟然會大大不同？17則經典故事 X 17個經濟概念讓孩子從小理解社會與商業法則，認識世界！三隻小豬裡的豬小弟用磚塊建造到房子真的是「最佳選擇」嗎？為了離家獨立生活，想要避開大野狼保護自身的安全，三隻小豬其實有幾個選項可以選擇：一、學習武術，戰鬥後擊敗大野狼。二、努力工作賺錢，雇用能擊退大野狼的保鑣。三、和大野狼協商，每天提供固定量的食物。像三隻小豬這樣在多個方法中選擇最正確的選項，就稱為是「合理的選擇」。所謂的「正確」是指費用少，效益大的方案，這樣的選擇標準就是經濟原則。一個金蘋果導致了特洛伊戰爭，但是如果宙斯了解如何解決「稀少性」的問題，悲劇就不會發生了！經濟在我們的生活中是如此重要，小至個人、大至國家，都佔有相當重要的份量！本書將艱深困難的經濟概念與原理，融入傳統童話故事與經典名著中，讓孩子輕鬆有趣的培養經濟概念、訓練商業思考。◆本書特色：1. 以經典故事融合經濟概念與原則，讓閱讀過程輕鬆有趣、淺顯易懂好吸收。經濟並不是一個艱難而無聊的主題，本書透過熟悉的東、西方的經典故事，介紹基本的經濟概念與原則，這樣的內容設計讓學習經濟和聆聽故事一樣容易且有趣。從熟悉的經典童話故事中，汲取其中包含的經濟知識，獲得經濟學的入門課。2. 分析比較原故事與改版後的故事結尾，暗示真實人生也可以如此大不同。三隻小豬的故事裡，選擇以磚塊蓋房子的小豬，其實並不算是「最佳的選擇」。漁夫和獵人的「交換」，透過彼此瞭解，其實可以提高雙方的滿意度。擁有「下金蛋的鵝」的農民和夫婦，如果知道儲蓄和投資，就不會做出殺死鵝這個衝動的決定，如此一來他們將會擁有多少的財富呢？這些經濟知識如果可以早知道，相信故事的結局就會完全翻轉成功。【適讀年齡】適讀年齡：10~15歲。,親子 教育 兒少
27,【圖解】最高勝率手機當沖：一支手機5分鐘操作，勝率高達85％的技法，股市天天都是你的提款機,劉家誠(Jasper),"★★★市場首創手機當沖教學★★★股市越震盪，操作越要落袋為安，只要當天買賣，就不怕買進後暴跌，最適合當沖的投資環境來了，一支手機在手，不受地點和設備限制，隨時隨地都能交易！　　★ 第一次手機當沖就上手，順勢操作，高效獲利！　　★ 最符合忙碌上班族的手機當沖投資法，當沖交易新手和資深股民必讀　　★ 1個月交易日20天，16天獲利，勝率高達85％　　市場唯一手機當沖教學創辦人劉家誠（Jasper），　　原本是上班族，對股票市場充滿好奇與熱情，希望靠買股為自己加薪。　　他用一支手機股票操作八年，極短線手機當沖超過四年，　　能在5分鐘內就獲得高額報酬，創造高勝率的投資績效，　　每月平均獲利60,000至150,000元！　　過去幾年，他開始在社群平台教學，　　成為市場唯一手機當沖教學的創辦人。　　◎ 為什麼是手機當沖？而不是電腦當沖？　　由於手機已成為每個人生活中的一部分，　　加上多數人因為工作的限制電腦無法安裝下單軟體，　　所以平常只能用手機進行股票操作，　　雖然手機當沖無法像電腦一樣開多視窗看更多的資訊，　　但手機當沖有其便利與即時，也不受地域限制，只要有網路到哪都能交易。　　◎ 當沖非賭博，而是一門專業的投資技術　　許多人認為，當沖是一種賭博，只是在賭股市的漲跌，　　但任何金融交易無法保證100%獲利，其實都能視為賭博，　　關鍵在於如何看待當沖交易，用正確方法學習當沖技術，　　就能長期讓停利大於停損。　　◎ 學習當沖有三大階段，判斷自己是否適合當沖　　1. 有一筆資金的初學者：最沒有壓力狀態，可以用正確的心態和方法學習　　2. 把自身的資金賠光的當沖客：不能想著快速把之前賠的錢賺回來，修正錯誤再繼續　　3. 沒有資金並操作到負債的當沖客：不適合做短線　　◎ 手機當沖SOP全圖解　　．挑選當沖標的法則　　．漲跌的根本訊號：成交明細、五檔　　．判斷何時做多？何時放空？　　．停損、停利的技巧　　作者認為，真正能賺到錢，除了熟練當沖的技術，往往要克服許多內心的挑戰，　　本書最後會教你如何減少心魔提高勝率的心法，　　讓你能控制虧損，讓你的週獲利、月獲利穩定向上。致富推薦　　彼得龍│專職投資人、CMoney專任籌碼講師　　陳唯泰│仲英財富投資長",商業財經
28,人類圖，愛、關係與性：揭開人與人相互吸引的祕密，找到對的相處模式，為愛綻放,安節雅博士、蘇嘉．G．舒拉莫,"愛是什麼？為什麼一個人會被另一個人吸引？如何讓一段關係順利進行？怎樣才能滿足彼此的性需求？這些問題，都可以在人類圖中找到線索！ 　　★    亞洲人類圖學院負責人喬宜思（Joyce Huang）審定推薦　　★    德國亞馬遜網路書店讀者好評5顆星　　★    搭配各種實際案例，以淺顯易懂的文字揭開親密關係的真相　　★    用人類圖解析關係的課題，是理性的療癒！ 　　人類圖，是一個人的使用說明書，　　可以讓人理解自己的設計，發掘與生俱來的天賦才華，　　做出正確選擇，走出屬於自己的人生道路。 　　◎ 從人類圖，看出一個的情感模式　　從古至今，兩性關係的形式不斷在改變，　　無論是開放式關係或男女同志，不再是難以啟齒的話題，　　不過，社會制度與宗教規範像是一件不合身的緊身衣束縛著我們，　　但這些主流制度並不適合所有人，因此導致不少人在關係中受傷與失望。 　　深研人類圖超過20年的基因學博士安潔雅表示，　　其實，每個人都有適合自己的最佳關係模式，而且早已寫在基因裡，　　透過人類圖的解析，除了可以幫你活出天賦才華，　　也能幫你深入了解自己與伴侶的本質、行為模式與需求，　　進而打造一段成功的親密關係。 　　◎ 解讀九大能量中心，了解彼此如何互相影響　　不同的能量中心，掌管我們身體不同部位的運行，　　有顏色的能量中心和空白的能量中心，沒有好壞之分，　　透過認識自己與他人的設計，就能從中學會體諒與尊重。 　　◎ 四大類型的不同配對，找到適合彼此的相處模式　　人類圖把人分成四種類型：生產者、顯示者、投射者、反映者，　　每種類型具備不同的能力、策略與目標，　　但人們常以自己的能力與思維做為出發點，因此容易導致誤解與爭執，　　如果根據自己的類型，回到內在權威與策略，　　就能建立滿意、平和、成功與充滿驚喜的親密關係。 　　◎ 分析12種人生角色，與外界建立關係的方式　　有些人生角色希望盡可能與伴侶分享一切，　　也有些人生角色希望同時擁有多重關係，　　甚至有些人生角色一輩子都在找尋靈魂伴侶……　　如果知道彼此建立關係的方式，就能相處融洽。 　　◎ 透過閘門和通道，認識自己和伴侶的性需求　　性，是人的本能，在親密關係中，也是很重要的議題，　　但礙於文化與道德束縛，很少人能真正的認識自已的性慾；　　透過人類圖的閘門與通道，可以真正了解自己與伴侶的需求。 　　每個人都是獨一無二，擁有自己的特質與喜好，　　當每個人都能回到自己內在權威與策略，而自己也能尊重對方的內在權威，　　那麼雙方便能成為真正的自己，從此不再為愛受苦！ 暖心推薦 　　小球（莊鵑瑛）｜歌手、自由創作者　　徐譽庭｜編劇、導演　　陳宏儒｜諮商心理師　　黃致凱｜故事工廠創辦人暨總監　　萬芳｜知名歌手、演員　　鄧惠文｜榮格心理分析師、精神科醫師　　謝佳見｜藝人　　魏世芬｜聲音修繕師 　　「2012年，與Joyce約個案解讀後，正式進入身心靈領域探索的門，藉由人類圖讓我遇見不同面向和藏在心底的祕密，讓我知道所有系統都是我們了解自己的工具，向外冒險找尋的時候，永遠都要記得鑰匙就在手上，而我們隨時都能回家。」──小球（莊鵑瑛），歌手、自由創作者 　　「活出自己，才能遇見願意尊重你的人。只會一味地討好別人，委屈自己；過得像隻囚禁的鳥，人生又有何意義？想改變，一點都不遲。獨一無二的自由人生由你決定。」──謝佳見，藝人",心靈勵志
29,有一種崩潰叫，陪孩子寫作業,王莉,★功課尚未寫完，爸媽仍需努力！★突破地方爸媽的盲點！陪孩子寫作業到底在陪什麼？怎麼陪？　　孩子開始上學後，一場費時費力的持久戰就此展開：　　天天耳提面命，孩子還是忘東忘西，每天都在找課本和功課……　　孩子不肯自動自發，即使陪他寫作業，孩子還是拖拖拉拉、不斷分心……　　孩子作業寫得很快，但錯誤百出，而且同樣的錯誤一犯再犯……　　為什麼越陪孩子寫作業，他越寫不好，我們也越生氣呢？　　因為陪伴有道，而往往我們用錯了方法。　　尤其國小六年是學習的初期，為好的學習習慣和技巧打下基礎，更是至關重要。　　若能在小學教育就養成孩子獨立自主、不懼學習的特質，　　面對未來更進階的學習，自然也無須擔心。　　而這一切，就從「陪孩子寫作業」開始──　　▍為什麼要寫作業？寫越多越好嗎？　　作業的目的是檢測學生的學習進度是否落後或需要補強，　　也因此，寫作業的目標應為「真實展現孩子當下的學習成果」。　　然而，我們卻常常誤把「很快寫好」、「全部都對」、「寫越多越好」當成目標，　　錯失了真正解決孩子學習困境的機會。　　▍面對正在寫作業的孩子，絕對不能打斷他的思考！　　當孩子遇到問題，卡關卡很久時，一味催促他時間有限，　　不僅是無效的行為，更是造成孩子容易分心的元凶。　　當孩子不會時，父母該教導的不應只是「正確答案」。　　▍當孩子寫完作業，該幫他檢查嗎？　　幫孩子檢查作業，是很多父母最常做的事，　　卻忽略了這極容易讓孩子養成不負責任的依賴心態。　　父母過多的幫忙，成了孩子成長的最大阻礙。　　▍拖拖拉拉的孩子，竟然更不該陪他寫作業？　　很多爸媽為了陪孩子寫作業，花了大量時間和精力，　　結果不僅自己疲累，孩子對學習也更加厭惡、更想逃避。　　十二歲以下的孩子，專注力最長僅半小時，　　延長專心時間的關鍵，就在於學習環境。　　▍還有更多爸媽可能遇到的情況，本書都有解：　　◎    要怎麼讓不愛寫作業的孩子變得自動自發？　　◎    課本、作業、文具……常常丟三落四的孩子怎麼了？有藥醫嗎？　　◎    孩子怎麼教都教不會，天天生氣讓我心好累，該怎麼做到不吼不叫？　　◎    玩一整天都不累，一寫作業就想睡的孩子如何搞定？　　◎    爸媽也有想休息的時候，一定要天天陪孩子寫作業嗎？　　正確的陪伴方式，不僅決定了孩子的成績，也定調了孩子的未來。　　讓我們從「作業」開始，為孩子累積一生受用的學習力！本書特色　　1.    讀者好評突破一萬兩千則，獻給崩潰爸媽的陪伴指南　　2.    打破「陪寫作業」的迷思，為沒方法、沒時間、沒精力的爸媽提供真正的解決方案，秒懂孩子的真實需求　　3.    用寫作業養成未來必備的學習力：解題思維、專注力、自我負責、心理韌性、追根究柢精神……幫助孩子不斷進步。　　4.    用寫作業有效陪出自主學習的孩子：接受「不會」、營造學習環境、情緒穩定、把學習遊戲化……帶著孩子突破學習困境。名人推薦　　布姐／職涯生涯教練　　洪仲清／臨床心理師　　張鈺／正面管教執行培訓機構理心教育聯合創辦人　　曾心怡／臨床心理師、初色心理治療所副所長　　樊登／「樊登讀書」創辦人　　魏瑋志（澤爸）／親職教育講師　　──齊聲推薦　　陪孩子完成作業，不是一個是非題。孩子的作業時間也是陪伴與教養的一個過程。如何陪，何時放手，理解孩子學習風格與面對挫折的韌性，會是比完成作業更重要的事！──曾心怡／臨床心理師、初色心理治療所副所長　　重要的一件事是讓孩子愛自己，讓他認為自己有價值，讓他知道自己要為自己努力奮鬥學習，而不是為了任何別人，學習這件事就是他的權利。——樊登／「樊登讀書」創辦人　　家長的陪伴方式不但決定了孩子的成績，更決定了孩子的未來。——張鈺／正面管教執行培訓機構理心教育聯合創辦人,親子 教育 兒少
30,我所預感的悲傷未來,加納朋子,存在於同個時空的我們，為什麼竟活得如此不同？這個故事，獻給所有生活崎嶇的孤單之人。★全書從第二章第一頁起，澈底顛覆讀者視野！★日本書店員吃驚連連、讚嘆不斷！上市後緊急再刷！★享「浪漫唯美故事的魔術師」之譽，加納朋子筆下最讓人心疼的感動懸疑故事。★日本紀伊國屋書店2020年書店員推薦必讀書單。「我所認知的世界，是極度歪斜崎嶇的。」平石徹子，個性低調溫和，外表平凡無奇，從小就不擅長跟同學朋友相處，時常吃虧，在學校像是邊緣人。這樣子的她，有一位青梅竹馬──阿護。身為一起長大的朋友，阿護會為徹子打抱不平、挺身而出，但徹子總有許多莫名其妙的舉動，讓阿護也覺得難以理解。例如，她會在路上突然抱住陌生的老婆婆；或是上課上到一半，一個人淚流不止；還有阿護出車禍住院時，徹子哭著向他道歉，明明跟她一點關係也沒有，徹子那句「對不起」，究竟代表了什麼意思？成年後的阿護和徹子依然將對方放在心裡特別的位置，他們甚至約定，如果三十歲時都還沒有對象，兩個人就在一起。但在這個約定之後，徹子卻突然從阿護的生活中完全消失了。再次聽到她的消息，已經是一年後，而且徹子即將和另一個人結婚……為了從徹子口中聽到她消失的真正原因，阿護試圖找到徹子，卻意外發現一個隱藏已久的祕密……即使是一起長大的朋友，無論有多麼親近與了解，彼此的人生仍可能在某個不自覺的時刻，產生分歧，走上看似相同、卻截然不同的命運……**************************************************本書前半段為男主的視角，讀起來是一個青春故事，直到進入後半段女主視角，畫風一轉，讀者將驚覺：這本書述說的不只是兩人間單純的愛戀，更是一本探尋人生使命與答案的小說──每個人看見的世界都是不同的。若說一個人眼中世界的模樣，決定了他命運的基調，那麼，徹子看到的是什麼樣的世界？她一個人，究竟承受了多少孤單的重量？如果我們永遠無法追上命運的變化，現在所做的一切又代表什麼呢？作者加納朋子在前半段佈下層層伏筆，並在後半段推翻所有假設，明明讀著同一本小說，前後卻像在讀兩個不同的故事，讀者將驚異於作者的精巧安排。加納朋子曾獲鮎川哲也獎、日本推理作家協會獎等獎，是日常推理派的代表作家，她擅長營造「日常之謎」，出道近三十年來深獲日本讀者喜愛。其作品最獨特的地方在於，每個懸疑故事之中皆融合她獨有的溫柔視線，每每讓讀者不知不覺進入她溫暖的世界，獲得看待生活的嶄新觀點與走下去的能量。★日本書店員共鳴推薦──．我想讀的就是這樣的書。讀完心中清風徐來。黑夜不會永久持續，刺眼的朝陽終將來臨，人生就懷著這股心情活下去吧。（淳久堂書店 山中真理）．前半醞釀的伏筆在後半猛烈發酵，高潮迭起、暢快有趣。（啟文社 三島政幸）．有些自由必須面對死亡才能深刻體會，加納朋子老師毫不避諱這樣的主題，正面迎擊，輕快描寫，成就一本過來人才寫得出來的優秀作品。（八重洲book center 內田俊明）★無數讀者讚賞推薦──．這是我最近讀過最有趣的作品。一口氣就讀完了！．情節實在讓人意想不到，讓我想起作者本來就善於刻劃出乎意料的結局；期待她未來再多寫一些溫暖人心的青春物語，有令人猜不到的情節、又帶有一點懸疑氣氛的故事。．雖然是和想像有點不一樣的故事展開，但結局結束得很好，所以很滿足。．在這本書裡讀見人們為他人著想的心情真是太棒了。．我覺得作者想透過這個故事向讀者傳達：當你覺得人生好辛苦的時候，別忘記身邊還是有在乎你、願意幫助你的人，你並不是一個人。．有太多太多的心情，只用愛來表達並不足夠。真是一本溫柔細膩又吊足胃口的小說啊～讀完的感覺很棒，結尾溫馨感動，忍不住重看！．最後忍不住哭了，能遇見這個故事真的太好了。,文學
31,為什麼他老是聽不懂？為什麼她總是在生氣？ 能聊也能撩，讓你主導關係的男女心理學,内藤誼人,「我沒事。」以為真的沒事，但放著不管一定會出事！ 　　★戀愛X家庭X職場，超實用兩性溝通術　　11條男女溝通心法 X 12則兩性社交守則 X 8種戀愛關係經營之道 　　15個男女腦大揭密 X 46句增加好感的一句話 　　✧我要怎麼判斷他對我有沒有好感？　　✧為什麼我說的話他聽不懂？為什麼說這句話她會生氣？　　✧為什麼他要說謊？搞不清楚她到底想要什麼？……　　想知道他／她的想法，不必猜也不必觀落陰，讓心理學家幫幫你！ 　　日本知名心理學家內藤誼人，　　用46條男女心理學，教你如何避開地雷、突破卡關、更能主動出擊的方法： 　　●我說的笑話，她都會笑，也會主動跟我談心事，是不是表示我們很有機會？　　男人通常會誤以為這是「好感信號」，　　然而心理學顯示，女人就算覺得不有趣，也會維持禮貌性笑容，　　即使面對認識不深的對象，也能分享自己的心事。　　【主動出擊】對她說：「那位朋友，是妳之前提到過的人嗎？」　　記得女生提過的小事，會增添她對你的好感。 　　●女生說「我把你當朋友」時，就沒戲了嗎？ 　　從心理學的觀點來看，異性間要形成純友誼，根本難如登天。　　女人可以視對方為朋友，但男人卻做不到，依然會將對方視為潛在戀愛對象。　　【主動出擊】對她說：「好啊，我們可以先從朋友開始當起。」　　先賦予「朋友」一詞特殊涵義吧。 　　●為什麼男生的訊息總是回的很慢？　　女人通常會以為這是「不在乎、不重視」的表現，　　但根據研究顯示，與其傳訊息，男人更喜歡直接當面溝通。　　【主動出擊】對他說：「我們見面聊吧。」　　別用沒完沒了的訊息轟炸他，當面跟他說吧。 　　●男朋友為什麼常隨便穿個拖鞋就出門約會？ 　　女友容易因此誤以為「他是不是沒把約會放在心上」，　　然而心理學顯示，男人通常自我感覺良好，認為別人怎麼看都無所謂。　　女人則是恰好相反，非常在意他人眼光，往往比男人更注重服裝儀容。　　【主動出擊】對他說：「如果你認真打扮起來，應該會很帥氣呢！」　　委婉的建議他改變穿著，會比批評指教更有效喔。 　　●同樣是「好想談戀愛」，男女意思大不同！　　根據研究顯示，聽到「戀愛」這個詞彙，　　女人第一時間浮現在腦海中的是「結婚」和「家庭」，然而男人卻是「上床」。　　女人可以滿足於浪漫純愛，男人則傾向全力以赴去爭取真實的戀人。　　【主動出擊】對他說：「你接下來想做什麼呢？」　　在約會的尾聲詢問，透過對方的回答，刺探他的真實想法。 　　只要明白男女間的思維差異，就能搭建出有效溝通的情境。　　不用再猜測他的心，讓你輕鬆聊天又撩心！ 本書特色 　　★ 46則男女心理學，為你完全解密異性思維模式。　　☆ 男女戀愛、家庭關係、職場相處，都能用上的「這句話很加分！」　　★ 面對衝突和歧見，如何正確溝通，省去猜測和摸索的時間。　　☆ 了解自己的需求，並用對方可理解的語言，精準傳遞給對方。 一致推薦 　　SKimmy你的網路閨蜜│YouTuber&作家　　口罩男│最暖人夫　　土豆│圖文作家　　沈雅琪│神老師、資深國小教師 　　「一本可以讓男人學會火星語，女人學會金星話的翻譯書，非常值得觀看！」──最暖人夫 口罩男,心靈勵志
32,美國第一健身強人，科學化鍛鍊全書：重訓×飲食，12週有效訓練，突破身型、練出精實肌肉,麥可．馬修斯,《肌力訓練聖經》、《原子習慣》作者強力推薦暢銷全球、占據美國亞馬遜排行榜長達十年頂尖教練、健身者口耳相傳的鍛鍊經典　　◎獻給那些苦練多時，卻練不出想要肌肉的健身者們　　許多人在健身房進行長時間鍛鍊，卻始終練不出精壯身型，問題出在哪？　　美國第一健身強人說，這是因為大多數的人在健身房做的是「運動」而非「重訓」，　　運動固然很好，但重訓才是讓你擁有理想體格的關鍵！　　重訓並非是做著相同的動作、推著一成不變的重量，　　毫無目標的隨興亂練，即使你持之以恆，身型也不會有所改變！　　本書將破解你苦練多時但身材卻毫無長進的原因，提供飲食、訓練的科學化建議，　　以系統性的訓練菜單，直搗有效鍛鍊的核心！　　◎必練！美國第一健身強人的科學化重訓公式　　1.肌力訓練公式　　獨創一套具體且強效的訓練公式，在此公式下安排個人化的訓練菜單，即能達到有效鍛鍊。簡單易記的關鍵公式如下：　　2－3：每次訓練二到三個主要肌群　　4－6：每組硬實組做四到六次　　9－15：每次訓練做九到十五組的硬實組　　2.有氧訓練公式　　該做多少有氧才能減重？有氧對增肌是好是壞？做多少有氧算太多，做過頭會如何？　　不僅破除常見有氧疑問，並提供舉重結合高強度間歇訓練的快速減重方法。　　3.體格雕塑鍛鍊公式　　鍛鍊六大肌群：包括：胸、肩、背、手臂、核心、腿，列出有效鍛鍊這些肌群的項目，是想要鍛鍊出精實體格的必練基礎。　　健力三巨頭：包括槓鈴深蹲、槓鈴硬舉、槓鈴臥推，這三項為力量訓練之王，能練到全身最多的肌肉。　　◎飲食×重訓計劃，練出精實肌肉的訓練菜單　　美國第一健身強人親自帶著你跟著做，日常飲食搭配重訓計劃，制定個人的訓練菜單。　　1.飲食計劃　　檢視自己需減脂，還是先增肌，兩種吃法的不同？需要補充多少蛋白質？一定要維持「乾淨飲食」？營養補充品之必要？破除健身飲食迷思，並提供增肌減脂的飲食菜單建議。　　2.重訓計劃　　提供一套高效訓練計劃模組，並有三種訓練課表，讓健身新手可以快速入門，上手後即能自行設計專屬的訓練菜單。　　◎本書實證分享　　本書方法不受年齡、基因、現況限制，人人都可以有效鍛鍊出精實身型。　　【案例分享1】　　我為了參加男性五十歲體能比賽而接觸本書，執行十二週後瘦了27公斤。最後，我在男子公開賽新手組得到第五名，更棒的是訓練的過程中，我的肌耐力進步神速。臥推從85增加到135公斤，負重深蹲、硬舉和過頭推舉也都有明顯的進步。　　【案例分享2】　　26歲，執行本書計劃後，我從95瘦至74公斤，體脂來到9％。在此之前，我嘗試過很多訓練和節食法，雖然有瘦一點、壯一點，但從來沒有真正滿意過。人生第一次在減脂同時還增肌，瘦下來還明顯更強壯。採用本書方法後，臥推從110提高至120公斤，負重深蹲從115拉至145公斤，硬舉從135上升至165公斤，這讓我對這套方法充滿信心。本書特色　　1、結合科學文獻與實戰經驗　　2、破除健身者的常見迷思　　3、飲食搭配重訓的12週訓練菜單　　4、圖片示範訓練重點好評推薦　　何立安（怪獸肌力及體能訓練中心總教練）　　烏恩慈 烏烏醫師（禾馨醫療婦產科主治醫師）　　肌肉如何決定體格的形狀和外觀？怎麼樣的負重訓練可以長肌肉？每日的訓練時間有限，如何設定一套不做白工的訓練方法、獲得最大功效？這本書都將告訴你。－－《肌力訓練聖經》作者　馬克．銳普托　　這是一本高度實用性的作品，將最新的科學研究轉化為一套簡單可行的健身計劃，讓我們可以達到健身目標。－－《原子習慣》作者　詹姆斯．克利爾　　本書介紹了正確的飲食方式、運動觀念和訓練方法，除了能鍛鍊出強壯健康的身心，同時也能獲得良好健美的體態。——吳肇基（骨科專科醫師、臉書粉絲專頁「大夫訓練」編輯）　　本書集結了所有剛踏入健身但不想多走冤枉路的人所需要具備的所有知識。包含了營養、訓練原則到心理建設。尤其是後面的飲食計畫以及肌力與有氧訓練規劃思維更是精華之所在。除了適合初學者之外，這也是所有健身教練都必須具備的基本知識。——陳彥志（光田運動醫學科醫師／悍草教育訓練總監）　　我想推廣的訓練，並不以體態、身材為目的。我認為體態的改變只是大重量訓練帶來的「附加價值」。但若訓練觀念正確，這樣的附加價值又有何不可？本書大膽的批判了健身界常見迷思、商人手法，重訓的觀念也十分正確值得一讀。－－陳柏瑋（怪力中醫）　　如果健身就像是要蓋一棟高樓，這本書提供給你的是穩固的地基，書中沒有速成或神效的方法讓你變強變壯，但有的是千錘百鍊的基礎知識，將每層樓都蓋的扎實，並逐漸邁向最高處。－－陳曉謙（物理治療師／肌力與體能訓練師）　　土法煉鋼的時代已經結束，所有教練都應該擁抱知識的力量。——蔡奇儒（醫適能（MedEx Asia）特殊族群訓練專業培訓機構暨顧問公司創辦人）,醫療保健
33,倒數60天職場生存日記：四十五歲的我在工作低谷，尋找人生選擇權,Vito,如果有一天，你被老闆宣告只剩下60天的工作期限，你會如何面對接下來的日子？放手一搏？就此放棄？或是活出新的人生？　　★臉書粉專「倒數60天職場生存日記-上班族都該領悟的道理」真實人生故事首度出書　　「接下來兩個月，如果業績的表現還是沒有起色，就只能請你離開了！」　　2020年，全球經濟受到新冠肺炎衝擊，失業人口不斷攀升。　　在電商平台擔任業務主管的Vito是個跟你我一樣平凡的上班族，　　認真勤奮跑業績，擁有自己的小團隊，卻在某日收到老闆的最後通牒。　　他必須在短短兩個月讓業績提升到老闆的目標，否則就必須走人。　　在高度壓力下，他面臨的不僅僅是失去穩定工作所帶來的生活動盪，　　更必須面對人生裡反覆找上門來的隱憂──　　當好不容易在社會上累積了成就，卻突然遭逢變故，一切歸零時，　　我們還能怎麼走下去，應該要走去哪裡？找到下一個去向，就能獲得真正的幸福嗎？　　人生過到一半，被迫掉進誰也不想掉進的低谷，　　他無法逃避，那他要怎麼面對？　　Vito將這殘忍的60天倒數，活成了一場自我覺察之旅。　　除了試圖找出破解困境的辦法，重新回顧出社會至今經歷過的成功和失敗，　　更細細體會處於低潮時的複雜情緒，釐清人生和工作之間的關係。　　全書從倒數60天開始，詳實記錄他收到通牒時的驚慌心情，　　面對人生可能再次失敗，隨之而來的迷惘和自我懷疑，　　以及倘若真的失去工作，是要創業？找下一份工作？乾脆放一場長假？或是……　　明明是被迫開始探索各種可能性，沒想到，　　他反而找到了打滾職場幾十年來，未曾想像過的目的地──成為更好的自己。　　「即使失敗，即使看似失去了所有，選擇權永遠都握在自己手裡。」　　一邊進行職場生存戰的Vito，一邊在網路上連載日記，和網友分享這段日子的真實經過。　　起初是為了紓解自己，卻因字句誠懇溫暖，撫慰了上千同樣在職場中迷航的人們。　　在本書，讀者將跟著Vito的腳步，面對失敗、走過失落，最後拾起重新定錨人生的勇氣。　　【職場生存語錄】　　▎四十五歲的我，其實沒比二十五歲的自己進步多少，游得一樣慢、工作得一樣艱辛，還是有一堆沒法搞定的事。唯一慶幸的是至少到現在為止，我還在誠實地面對自己，從來沒有放棄過希望。 　　▎愛跟恨一樣，只有放下了、才能解脫。工作跟愛情一模一樣，主導權永遠在已經不愛的那個人身上。當你真的不愛了，就一定能走出來了。 　　▎環境很重要，找到適合自己的環境才能體會到「如魚得水」的暢快感受，平凡的我們沒法改變環境，但可以選擇環境。 　　▎機會是留給「錯失機會」的人，因為之前曾經錯過，這次才會珍惜把握。 　　▎撫平傷痛的最好方式就是忘了它。專注朝向遠方新的目標走去，如果你一直低頭看著傷口，只會覺得還隱隱作痛。 　　▎我大半輩子都在追求一份滿足夢想的工作。曾經以為找到了，最終還是敗下陣來，因為那個夢想其實是老闆的，跟我一點關係都沒有。 　　▎真實的世界並不會因為你受了傷、停下了腳步，就跟著停止了轉動。要實現自己心中的夢想，就必須勇敢地踏出腳步。 好評推薦 　　少女凱倫／《人生不是單選題》作者　　出版魯蛇碎碎念　　何啟聖／1111人力銀行媒體中心總經理 　　洪瀞副教授／《自己的力學》作者　　黃大米／職場作家 　　──共同推薦 　　「被命運捉弄之後，你選擇轉身逃避，還是起身面對自己的痛楚？Vito在職場上曾照顧我許多，帶來一股暖流，面對中年劇變的他，選擇勇敢面對，華麗轉身。誰說人生只能被命運擺布，只要你願意，就能為自己創造選項，期待閱讀這本書的你，也能獲得相同的勇氣。」──少女凱倫（《人生不是單選題》作者）,心靈勵志
34,從0開始打造財務自由的致富系統：暢銷10年經典「系統理財法」，教你變成有錢人,拉米特．塞提,"財務自由的關鍵，不在你要存到多少錢，而在有沒有建立自動生財系統！★ 《紐約時報》、《華爾街日報》暢銷書★ 獲《財富》雜誌譽為「新一代的投資理財大師」★ 全球暢銷10年理財經典，與時俱進全新修訂改版★ Amazon.com理財類暢銷榜第1名，將近5,000名讀者實證大推★ 《漫步華爾街》作者墨基爾、行銷大師高汀、《經濟時報》、《舊金山紀事報》盛讚推薦◎ 暢銷十年，讓百萬人變有錢美國平民理財網紅、暢銷作家拉米特．塞提，成立理財部落格「我教你變成有錢人」，獨創自動投資與存錢的「系統理財法」，每月超過25萬人在他的部落格交流，一起實踐這套理財法，省下超過1,530,000美元。2009年，他把這套方法寫成書，教人如何有效理財，自動成為千萬富翁，收到成千上萬讀者的真心回饋，改善他們的財務狀況、實現理想生活、邁向財務自由。然而，經過十年，金融市場、經濟環境、工作技術都有所改變，塞提與時俱進，重新思考「系統理財法」如何發揮功效。他認為，理財不只是要處理一堆數字，更牽扯到心理因素、人際關係、社會價值觀……因此，他在這本最新增修版把「系統理財法」分成「無形系統」與「有形系統」──◎ 無形系統：破除迷思、建立正確理財觀許多人覺得沒錢怎麼理財，必須要有一筆錢才能開始，甚至會找各種理由和藉口，把金錢問題歸咎於別人，這些都是讓你無法致富的枷鎖，必須一一破除──．不深陷受害者情節，不再抱怨薪資低，仇富也不會變有錢．就算學校和父母沒教理財知識，也能自學．害怕虧損是人之常情，但如果怕賠錢而不理財，財富永遠不會變多．不必做到完美，開始行動比沒起步好，只要做到85％正確就好．別採取防守方式，而是要進攻◎ 有形系統：從0開始，在每個財務環節，六週打造自動生財系統．信用卡不只消費，也能生財：善用刷卡回饋金、每月按時繳費建立信用評分．選擇好銀行，贏在起跑點：提高儲蓄利息、免除一堆手續費．建立儲蓄與投資帳戶：讓錢妥善分配到正確的地方．規劃消費意識計畫：設定具體的儲蓄與投資目標，就能放心花錢．打造自動化金錢系統：連結所有帳戶、設定資金流向，不耗費時間與精力，讓錢滾錢．懶人投資：不只有選股，還有ETF與生命週期基金，有效分散投資風險、穩穩獲利本書會幫你弄清楚錢都花到哪裡去，把錢重新導向你想要的地方，也會教你選擇一個低成本的自動投資組合，並持續投資，讓你不必積極管理，你的錢財便會自動累積，還提供許多金錢問題的具體解答，包括買車、籌措婚禮費、談判薪資……讀完本書，你會比其他99％的人更會理財，打造邁向財務自由與理想人生的致富系統！◆收錄上千名讀者實證回饋，分享本書如何讓他們打造理想人生「拉米特教導我們，節儉不是『什麼都不花』，而是盡情花在我們所喜愛的事物上，這改變了我們的人生觀。我和妻子分別在33歲和35歲時從全職工作上退休，開著Airstream RV露營車周遊美國。我們每天早上醒來都很興奮、精力充沛，因為能全然掌控我們的生活。」──史蒂夫．阿德科克（Steve Adcock）「我在2010年讀過你的書，當時25歲的我，只是在一家小型圖書出版社擔任行政助理，年收入28,000美元。目前我在舊金山領導一支完整的作家團隊，一年賺155,000美元。」──克雷爾．皮科克（Claire Peacock）「本書一開始有關債務的章節把我嚇壞了，怎麼可能這麼快就擺脫債務！後來我理解到要賺更多的錢並非艱鉅之事，而是非常可行。我在公司的月薪從4,000美元增加到8,000美元。我欠的4,500美元債務現在已經降到900美元（很快就會全部償清）。」──麗娜．班薩利（Reena Bhansali）「我採用本書教的原則，在兩年內還清了40,000美元的債務，方法就是協商加薪，並採納『1,000美元外快』的建議，開始承接我的第一個兼職專案。在自動化原則的指導下，我和妻子自給自足，在過去2年裡存了將近20萬美元。」──肖恩．威爾金斯（Sean Wilkins）「我25歲時有85,000美元信用卡負債和3,000美元的其他債務。本書教我可行的步驟來擺脫困境，更有效地使用我的信用卡，生活不再拮据，也還清了債務，並且開始儲蓄。我現在28歲，擁有50,000美元存款，沒有債務，財務管理自動化，今年打算買一棟房子。」──愛麗森．雷諾茲（Allison Reynolds）",商業財經
35,超級思維：跨界、跨域、跨能，突破思考盲點，提升解決能力的心智模式大全,蓋布瑞．溫伯格、蘿倫．麥肯,★Amazon.com商業類暢銷榜第1名★解決一般性問題，考驗你的IQ，要不斷解決各種艱難問題，你需要──「超級思維」！ 　　★ 橫跨心理學、哲學、企管、物理、經濟、統計等領域，跳脫你的慣性思維　　★ 深入淺出穿插生活故事、歷史、投資理財、心理學實驗　　★ 書中附有超過100張的心智模式插圖，加速理解　　★ 《窮查理的普通常識》作者查理．蒙格、《高勝算決策》作者安妮．杜克盛讚推薦 　　【什麼是心智模式？】　　心智模式（Mental Model），是一個人的思路，　　大多數都是從閱讀、會話和經驗裡學習而來，　　幫助我們理解、預測、處理、解決生活中種種問題的工具，　　每個學科、產業、領域都有自己特定一套的心智模式。　　但現今世界變得越來越複雜且多樣，　　當遇到非原本專業領域的問題時，　　只靠既有的心智模式，很容易出現思考盲點，導致真正的實力無法發揮，　　因此需要擁有跨領域的心智模式，來幫我們做出更好的判斷。 　　例如，「臨界質量」是指物理學中當核材料的質量創造出一個臨界狀態，　　核子連鎖反應才會發生；　　同樣地，臨界質量概念可以幫我們了解，當任何累積值達到某個門檻，　　就會造成重大變化，例如商業或是傳播領域。 　　【什麼是超級思維？】　　擁有麻省理工學院多領域學位的蓋布瑞．溫伯格與蘿倫．麥肯發現，　　世界知名解決問題高手、預測家、決策者都有一種超級力量──「超級思維」，　　也就是懂得借用各領域的心智模式，幫助他們克服複雜性、區分好想法與壞想法，　　有更好的思考能力，在個人和專業上做出更好的決定。 　　【練就超級思維的能力】　　如果想要成為解決問題高手、不鑽牛角尖、突破困境、跳脫慣性思考，　　最好隨時擁有大量的心智模式，才能應付各種突如其來的狀況。 　　因此作者有系統列出、分類和解釋所有跨領域的心智模式，　　讓你根據不同的情況，產出靈活的想法、解決難題，做出正確決策── 　　◎ 減少錯誤，提高成功率　　．在斷定同事破壞你的計畫之前，請先用「漢隆的剃刀」來解釋：如果可以用不小心來解釋時，就不要歸咎別人是有惡意的。　　．思考「反脆弱」，便能從錯誤中學習，並且與時俱進。 　　◎ 高效運用時間，事半功倍　　．如果被待辦清單淹沒，就需要「艾森豪決策矩陣」釐清優先順序。　　．人們為什麼常常拖延，其中一個原因是「當前偏差」造成的，這是指過於高估當前的近期報酬正在逐步趨近長期目標的傾向。　　．運用「機會成本」做判斷，評估每個選擇的成本，才能有效提升效率。 　　◎ 解決賽局衝突，取得最佳利益　　．想要利益衝突的情境下發揮影響力，說服他人進行合作的話，可以運用「互惠」、「承諾」、「稀缺性」等方式影響他人。 　　本書分成九大主題，橫跨心理學、哲學、企管、物理、經濟、統計等領域，　　收錄超過300個實用的心智模式，像是一個裝滿超級模式的工具箱，　　當事情陷入膠著，讓你用客觀的觀察者角度來思考；　　想要換工作時，你會思考所有新工作的優缺點；　　不再落入思考盲點或被別人牽著鼻子走……　　讓你成為跨界、跨域、跨能的超級人才！ 跨能推薦 　　Miula｜「M觀點」創辦人　　Mr.Market市場先生｜財經作家　　Jenny｜JC財經觀點　　Zen大｜《超快速讀書法》作者、知識變現力講師　　施典志｜vocus.cc方格子平台營運總監、科技評論者　　姚侑廷｜「姚侑廷的自學筆記」版主、醫師　　財報狗｜台灣最大基本面投資平台「財報狗」　　陳志彥｜阿爾發投顧董事長、「副總裁的理財日誌」版主　　楊斯棓醫師｜年度暢銷書《人生路引》作者　　劉奕酉｜《高產出的本事》作者、商務顧問　　鄭匡寓｜網路媒體總編、獨立撰稿人 　　「不論人生或是商場，各種情形都需要蒐集對的情報、進行建設性的思考，並做出正確決斷。本書提供一個從思考到決策的完整框架，可以幫助讀者避免受到常見盲點的影響，客觀做出正確的決定，提高人生和商場上各種試煉的打擊率，非常值得一讀。」──施典志，vocus.cc方格子平台營運總監、科技評論者 　　「精讀本書，就能做出更好的決定，讓你的人生、事業、投資更加順遂！」──姚侑廷，「姚侑廷的自學筆記」版主、醫師 　　「用『三個十』的時間心智模式表達我對本書的喜愛，拿到書的十分鐘內會翻閱這本書，十個月內會反覆細讀，十年後它仍會在我的書架上。」──鄭匡寓，網路媒體總編、獨立撰稿人 　　「巴菲特的合夥人查理．蒙格曾說：『心智模式就是大腦做決定時所使用的工具箱；工具箱裡有的工具愈多，你就更有可能做出正確的決定。』而在這本書中，你可以找到超過三百多個在日常生活中被反覆利用的經典工具。」──劉奕酉，《高產出的本事》作者、商務顧問 國外盛讚推薦 　　「如果你只記得單一的事實，就不可能真的知道任何事。如果事實不能在理論的架構上拼湊在一起，你就無法真正運用它們。你腦海裡必須要有模式。」──查理•蒙格（Charlie Munger），投資家暨波克夏．海瑟威公司（Berkshire Hathaway）副總裁、《窮查理的普通常識》作者 　　「這是一本了解世界、做出正確決定和下聰明賭注的寶貴資源。節奏快速且具閱讀樂趣，每一頁都充滿有用的資訊，真希望我早就擁有這本書。」──安妮．杜克（Annie Duke），《高勝算決策》（Thinking in Bets）作者 　　「內化這些心智模式將會幫助你了解周遭的世界。一旦你找到它們，就可以改變自己的行為，避免常見的陷阱，調整你與他人的互動，獲得更好的結果，甚至找到世界尚未發現的新心智模式。」──布萊恩．阿姆斯壯（Brian Armstrong），加密貨幣交易平台Coinbase共同創辦人暨執行長,商業財經
36,讓愛自己變成好習慣：簡單卻深刻的日日練習，把自己當作一輩子的摯愛，給自己力量克服逆境，活出奇蹟人生,卡馬爾．拉維坎特,"你要學會好好愛自己，因為你總是太習慣先愛別人，卻忽略了自己……★ 自費出版即狂銷300,000本，在社群媒體被瘋狂轉發、分享★ 全球最大出版集團哈潑柯林斯（ HarperCollins），以高價簽下版權，暢銷全新改版★ Amazon.com近5,000筆讀者好評★ 家庭諮商師、心理學家等相關專業人才皆讚譽推薦★ 版權售出16國：英國、荷蘭、德國、俄羅斯、烏克蘭、西班牙、義大利、立陶宛、羅馬尼亞、捷克、斯洛伐克、巴西、以色列、日本、越南、台灣近年來，很多人都開始意識到要「愛自己」，不過，大家「愛自己」的方式，大多是這樣──．享受生活，買東西犒賞自己、吃大餐慶祝，但狂歡後仍感到空虛．隨心所欲，只做自己想做的事，卻傷害了別人．接受自己的全部缺點，但沒有任何成長這些是多數人對愛自己的誤解，其實，真正的「愛自己」不必向外求，也不用傷荷包，而是成為不假思索的生活好習慣！◎ 暢銷300,000冊，掀起「愛自己」的全球風潮卡馬爾．拉維坎特曾是矽谷的創業家，在外人眼中，他是不折不扣的人生勝利組，卻突然經歷創業失敗、失戀、好友過世等一連串打擊，因此身心靈都嚴重受創，萎靡不振。有一天，他意識到，之前一蹶不振是因為不夠愛自己，覺得自己不能再這樣下去，只有自己能救自己，於是他立下「愛自己」的誓言，花不到一分鐘寫下的誓言，卻帶來強大的力量，結果他的狀況開始好轉，身體很快就康復，心態也有所轉變。朋友看到他從谷底翻身，鼓勵他把自己的故事寫成書，2012年，他決定自費出版，分享「愛自己」是如何拯救他，一上市，竟暢銷30萬冊，還在各大社群平台引起眾多討論和轉發，甚至在全球掀起「愛自己」的風潮！◎ 把你愛別人的能力，用來愛自己拉維坎特觀察到，每個人都有愛人的能力，可以為別人付出、示好，關心、包容對方，但很少人把這份能力用在自己身上，常常忽略自己，甚至經常苛責自己。把愛別人的能力，用來愛自己，學會好好關注自己、對自己好，因為自己才是生命中最重要的人。◎ 愛自己，是一種好習慣拉維坎特發現，愛自己，是一種好習慣，不是偶爾想到才做的事或盲目追求短暫的快樂，當你以「愛自己」的方式活著，人生也會對你回報愛。愛自己，也是改造人生的開端，可以幫每個人克服各種逆境與難關，但許多人都不知道該怎麼愛自己，從小到大也沒受過訓練，因此他自己嘗試過各種方法，找出讓「愛自己」變成好習慣的有效練習──◎ 心智循環法：從對自己說「我愛我自己」開始愛自己最簡單的做法就是，大聲對自己說「我愛我自己！」你可能會覺得很蠢，拉維坎特一開始也這麼覺得，但當我們受挫，陷入負面情緒、迷惘、低潮等自我懷疑的狀態，如同置身黑暗中，此時需要一個開關，把燈打開，對自己說「我愛我自己」就像開關，照亮黑暗，讓你繼續前行，在潛移默化中形成新的思考慣性，將負面心智循環，切換成為正向積極的新模式。◎ 靜觀法：力量最強大的環節別的事不做沒關係，但這件事一定要做，做了就能帶來改變，只要播放自己喜歡的音樂，閉上雙眼，配合緩慢而深長的呼吸，持續7分鐘，不必刻意創造療癒或正向的東西，就能為你帶來平靜、和平與成長。◎ 照鏡法：最困難的方法，必須實踐很多人會抗拒照鏡子，覺得害羞或厭惡，這代表負面心智循環正在抵抗，因此你可以練習把注意力放在自己的眼睛上，不評斷自己的長相和身材，只要5分鐘，能讓你自然而然愛上自己。本書還有更多讓愛自己變成好習慣的日日練習，以及作者親身實踐愛自己的精采故事，從今以後，讓你拒當負面思考的受害者，重新建立自己的正向心智循環，幫你在面對各種逆境和難關時，都能一一克服，活出奇蹟人生！【千位讀者實證回饋】「身為一個有執照的心理治療師，我需要多方閱讀任何能幫助病人的知識。近年來，自愛與自我意識是心理學界的熱門話題，根據我多年經驗，很多人飽受憂鬱症所苦，是因為他們不夠愛自己，也難以對自己產生同情。市面上已經有很多相關的書籍，但這本書用簡單、有效且真情流露的方式，傳達了這些訊息。我個人在遇到壓力時也會採用他提供的7分鐘冥想法。」──克雷格2017/3/25「我是個家庭諮商師，我的很多病人都有自我價值感低落、成癮症等問題。我看完這本書之後，立刻又訂了六本給我的病人。我偏愛教別人如何增強自我能量，這本書正是很好的一本工具書。」──茱蒂．洛爾 2017/1/22「這本書改變了一般人的認知。我第一次讀大約讀了一個小時，然後第二天我又讀了一次，接著我開始實行書中的方法。起初我覺得看起來太簡單了，不可能有用，但是我錯了。每天只是重複說『我愛我自己』就有驚人的效果。我對這個不科學的現象，解釋為我正在重新編程身體，我正在教它相信一種新的生活方式。不要只看我的評論，請開始讀這本書，並開始照著做。」──比爾．布蘭利 2014/7/2",心靈勵志
37,節稅的布局（2021～2022年版）,胡碩勻,內附2021年最新免稅額、扣除額一覽表（未上市股票交易所得也要計入所得）。新增不動產實價登錄新制表格，預售屋紅單交易將納入管理。保險的要保人今後也不能說改說改，須繳驗哪些證明書才能辦理？還有，你看過爆紅韓劇《夫妻的世界》嗎？這是所有夫妻必學的財產分配課。　　◎我年收入80萬，他年收入100萬，為什麼報稅時我繳的錢居然比他多？　　◎家長會費、安太歲、植牙、整形、政治捐款……哪些花費可以用來合法抵稅？　　◎兒女不孝，我死後一毛都不給，外傭認真顧我，以後把錢全給她，法律允許嗎？　　◎想買房送女兒當嫁妝，怎麼給，不會被政府課贈與稅？　　◎儲蓄型保單，受益人不能隨你高興填，不然國稅局會找上門。　　所得稅、遺產稅、贈與稅到房地合一稅，　　你一輩子都會用到的稅務知識，本書通通告訴你！　　讓你可以合法的少繳很多稅，甚至一輩子不用繳稅。　　上班族都以為自己領的是死薪水，賺的錢絕對逃不過國稅局法眼，　　甚至誤以為，節稅是有錢人才要做的事，跟自己無關。　　但天天在幫老闆做節稅規劃的信達聯合會計師事務所所長胡碩勻說，　　變有錢的第一步就是懂節稅，因為節稅跟收入多寡無關，　　是一種你對自己財富配置的布局，領死薪水的上班族更需要。　　不論是小資族、頂客族、單身族，或四口家庭，　　小從每月薪水自提勞退金、買保險，大到數百萬的房屋貸款到遺產規畫，　　只要你搞懂政府收稅的遊戲規則，不僅可以合法節稅，還能幫自己加薪。 　　◎讓錢流進來，再也不出去──個人所得稅篇　　．賺錢管道百百種，政府最愛這10種：　　薪資、利息、租賃、財產交易、中獎……這些有憑有據的收入通通都要報稅，　　那麼，領死薪水的你要怎麼節稅？　　只要每月薪資自提6％進勞退帳戶，馬上就能節稅，有超過90％的上班族都沒發現。　　做網拍、有外快、斜槓青年，怎麼節稅免稅？　　．你有正當收據，政府就會放過你：　　給廟裡的香油錢、為兒女點的光明燈，哪一個才能抵稅？　　照顧媽媽的看護費用、幫老爸裝的假牙、青春期女兒的牙齒矯正，　　捐錢給私校辦學，捐錢給慈善基金會……有錢的人用哪種方式合法節稅？ 　　◎把愛與錢一起傳下去──遺產稅篇　　最療癒老人的事，就是寫遺囑，遺囑要怎麼交代，才有法律效力？　　關於繼承，你拿到的是錢還是債？得先了解限定繼承與拋棄繼承。　　陪我最久的親人就給最多，法律准許嗎？先弄懂遺產繼承的應繼分與特留分。　　在國稅局眼裡，哪些財產最值錢？遺產估價決定你能不能繼續當富二代。　　◎喜歡嗎？送給你──贈與稅篇　　有錢人為什麼這麼愛買豪宅給兒女？　　原來留不動產給下一代超節稅，如果附房貸居然更划算。　　長輩送什麼給新人當新婚賀禮，最能表達祝福之意又能躲過贈與？　　◎有房斯有財，儘管政府要你萬萬稅──不動產篇　　省吃儉用買下不動產，政府會收你萬萬稅，怎麼合法減免？　　不動產實價登錄後加上房地合一稅，隨便賣房等於再多送一間房給國稅局！　　不用擔心，只要你弄清楚一生一次、一生一屋的規則，　　還有重購退稅加上自用住宅優惠，賣房就能不用繳稅！　　搞懂所得稅、遺產稅、贈與稅到房地合一稅的所有眉角，　　你可以合法的少繳稅，甚至一輩子不繳稅。　　內附2021年最新免稅額、扣除額一覽表。推薦人　　商周集團《Smart智富》月刊社長／朱紀中　　社團法人台灣省會計師公會名譽理事長／呂志明　　台灣創速創辦人、台灣投資人關係協會首席顧問／余凱文　　理財教母、前《Money錢》雜誌社長／林奇芬　　國立政治大學財務管理系教授／周行一　　政治大學風險管理與保險學系教授、中國信託金融控股公司獨立董事／張士傑　　政治大學教授、劍橋大學經濟博士／郭維裕　　保險行銷集團董事長／梁天龍　　理財暢銷書作家／闕又上　　TIAG（國際會計集團）、TAG聯盟主席兼CEO／Richard Attisha各界推薦　　「學做有錢人，就從布局節稅開始！」──朱紀中，商周集團《Smart智富》月刊社長　　「想合法的少繳稅捐嗎？您可參閱本書。」──社團法人台灣省會計師公會名譽理事長／呂志明　　「一生必讀的理財經典。」──余凱文，台灣創速創辦人、台灣投資人關係協會首席顧問　　「繳稅人人有責，節稅人人有權。輕鬆搞懂節稅布局，讓你的錢長大；跟著名會計師學節稅，讓你的錢輕鬆變大。」──林奇芬，理財教母、前《Money錢》雜誌社長　　「這是一本易讀實用的好書。」──周行一，國立政治大學財務管理系教授　　「一本大家都可以參考的稅務實用好書。」──張士傑，政治大學風險管理與保險學系教授、中國信託金融控股公司獨立董事　　「這是一本淺顯易懂的節稅實用寶典！」──郭維裕，政治大學教授、劍橋大學經濟博士　　「看了《節稅的布局》，你能輕易搞懂如何合法的使稅後財富最大化。有錢人該看、上班族也該看，財務顧問師更該看！」──梁天龍，保險行銷集團董事長　　「投資，巴菲特說財報就像球賽的計分板， 看不懂你就無法了解比賽。　　而理財，稅務規劃就是合法的創造財富， 不懂規則，你輸在起跑點，也流失了金錢。胡碩勻有會計師和財務規劃師的雙重身份，讓節稅有了布局和規劃的意涵！」──闕又上，理財暢銷書作家,商業財經
38,說對一句話，99％的事都能解決,李勁,上市一年中國與亞馬遜銷量破170萬冊抖音破天荒推薦為「入社會必讀」三書之一　　《99%的人輸在不會表達》系列臺灣、大陸累計銷量更突破400萬冊　　蟬聯商業書排行榜800天以上，2018、2019、2020年度十大暢銷書　　一錘定音終極版，告別笨嘴拙舌，一句話扭轉99%的狀況。　　◎說服對方，最有力的一句話是：「我是站在你這邊的！」　　◎這句話最容易惹毛對方：「怎麼你又……」、「你老毛病就是不改。」　　◎不贊同對方意見又不想得罪人？這時該說：「你可以問一下別人的看法」。　　◎再好的朋友，有三種玩笑開不得；再親密的家人也要哄、誇、讚。　　美國人類行為科學研究發現，　　發生在成功人士身上的奇蹟，有一半是口才創造出來的，　　說對一句話，99%以上的事都能解決。　　作者李勁是資深文案、企劃編輯，工作就是花大把時間跟人說話，　　逼得他必須熱衷於心理學與人際交往。他用自己的人生經驗終於搞懂：　　工作與生活中，表達能力強的人往往與同事相處融洽，深受老闆賞識，　　生活滿意度也比較高。如果你正煩惱自己：　　想說的話不知怎麼開口、　　老說些讓自己後悔的話、　　該說的事項一大堆但說不清楚、講不到重點，　　本書的技巧，可以讓你的人生再也不會輸在表達上。　　．聽出別人的試探，你才能正確回話　　三國時代，劉備臨終對諸葛亮說：　　「如果我兒子劉禪沒才能，你就取而代之吧！」劉備的用意是？　　諸葛亮為何不說：「好」，而是回：「臣願鞠躬盡瘁，死而後已」？　　想要說對話，得先聽出對方的話中話。　　「我不確定這樣可不可行」，他的意思是「這根本不行」；　　「你可以問一下別人的看法」，他想說的是「我不同意」。　　．自以為是的善意更傷人　　借錢給好友，直說：「拿去用吧，不用還了！」他反而不高興？　　「我送給你的那件牛仔褲，還合穿嗎？」這句話哪裡得罪人？　　記得，幫過別人的事，最好做完就忘。因為，直率和白目，只有一線之隔。　　．講話沒人聽？這樣說，99%的人心甘情願照著做　　春秋時代，孔子想「求見」老子，老子不見，說「求教」，對方就答應了！　　差一個字，結果大不同。　　公車司機扯破嗓大喊：「麻煩往裡面擠一擠！」乘客都不理。　　改說：「裡面還很空喔！」大家就開始移動。兩句話差在哪裡？　　某家航空公司的服務評比一直很差，公司深入調查才發現，　　空服員送餐時，老問乘客：「你要飯？還是要麵？」　　你要常說話，但不必說長話；要學會講故事，但不能只單純說故事；　　表達高手最常用的說話技巧，最完整的整理。各界推薦　　溝通表達培訓師／張忘形　　「一談就贏」創辦人、國際權威談判講師／鄭志豪,商業財經
39,理想情緒：用草藥、精油、適應原找到內在平衡的情緒排毒計畫,莎拉．查納．希爾佛斯坦、蘇珊．高蘭,"這是一本全方位的情緒照護指南，寫給被生活折磨得很累的你。 什麼是理想情緒？了解心情好、心情壞都只是一個循環，情緒波動是正常的。人不會永遠是正能量，也不會永遠不快樂，只要弄清楚情緒週期，不要在某一階段停留太久，就能找到屬於自己的靜心理想境地。 ★高級藥草專家的獨門配方★最天然的情緒療癒法★90日找回健康情緒 本書作者運用治療上千名女性所得的經驗與自身藥草學專業知識，加上適應原、色彩學、芳療、風水與飲食，幫助你紓解壓力，並獲得全方位的情緒平衡。她的方法以溫和、無副作用為主訴求。藉由改變生活上一些細節來改善負能量以及壞情緒。 #味道──藉由鮮花、植物、精油、香氛的味道改善病人家裡「生病的氣味」、鬱悶的居家空氣，讓呼吸更愉悅。 #色彩──每個顏色都有代表的氣氛和能量，是一種潛移默化的感覺。安排讓自己開心的顏色在生活周遭、挑選適合自己顏色的衣服，有助於提振心情。 #藥草調理──天然的植物中含有很多養分與香氣，能夠溫和的調理失衡的健康、香味也能夠改變內分泌，緩解情緒。 #食譜──結合適應原幫助你的肝臟排毒、補充身體養分，清理生理毒素。 ▎如何使用本書1. 學會什麼是「平靜心情的循環」：接納自己反覆出現的情緒本質，紀錄在什麼情況下會出現情緒化的反應。一旦你注意到自己特殊的導火線，就能夠跟著本書的建議，改善情緒。2. 使用適應原養護肝臟，讓身體進行物理性的排毒，準備以最輕鬆狀態迎接靜心。3. 使用天然藥草和香氛療法，幫助減輕壓力和平息負面情緒。本書詳列多種對症精油供參考，提升身體、情緒和精神健康。4. 利用生活小智慧，例如風水擺設、色彩學、食譜。從吸引你的那幾個方法試試看，因為它們能夠幫助你專注內在，更能自我實踐、更有力量。5. 本書提供90天循序漸進的計畫，運用各種書中建議。這裡會有教你做出能量低落時提振精神的點心食譜，也會有針對不同問題提供各種療法的表格。這會是你的理想情緒計畫。",心靈勵志
40,後來，我喜歡的人都像你,萬詩語,如果世界對你不溫柔，我願做你的世界。　　　　　　　　　　　――我就是這樣的喜歡你。★每個人心裡都有一個忘不掉的人吧？★★就好像，我無法複製的青春裡，有你。★「詩語的文字，讓我想起了很多年前自己喜歡的一個人，感覺整顆心都癢起來了。青春真好。」恰是這種朦朧的感覺，讓青春的愛戀變得含蓄而雋永，令人回想和難忘，彷彿那種感覺賦予了青春存在的意義。90後新銳撰稿人萬詩語，深情細膩而有療癒藥效的文字，陪你經歷每段不復重來的時光。你看向我的時候，世界突然變得一塵不染。從那時起，不管我念與不念你，你都沉澱在我眼裡；不管我想與不想你，你都落入我腦海裡；不管我喜歡你還是討厭你，你都深深地埋藏在我心底……。於是，想寄一封情書給你，把自己寫給你看：＃相遇＞＞․遇見你之後的時光，我的世界變得簡單無比。人分兩類，是你和不是你；時間分兩類，你在的時候和你不在的時候。․喜歡一個人，每次遇見都像重逢。․愛情可以很簡單，就是我很想遇見你的時候，你也正好在找我。＃暗戀＞＞․偷偷喜歡你，就像是一場漫長的失戀。․原來喜歡一個人的第一個感覺，是會害怕。․「晚安」是開不了口的「我喜歡你」。․暗戀就是，怕你知道，又怕你不知道，最怕你知道，卻裝作不知道。＃愛＞＞․他的缺點多不多？像星星一樣多。那優點呢？像太陽一樣少。那你為什麼會選擇他？因為太陽一出來，星星就消失了啊。․雖然愛情會讓人變笨，但我不介意更笨一點。․這個世界哪有那麼多的一見如故、無話不談？你說的話題我都感興趣，你說的風景我也覺得很美麗，你讓我看的電影我也覺得好精彩，這一切只不過是因為我喜歡你。＃想念＞＞․我每天只想你一次，卻持續了二十四小時。․如果思念會有聲音，你早已嫌我吵了。․你在時，你是一切；你不在時，一切是你。＃後來＞＞․當青梅枯萎，竹馬老去。此後我愛上的人，都很像你。․有一些事情，只有與青春綁在一起才是美好。或許我們一直念念不忘的，不是那個人，而是那段時光，還有那個時候的自己。․一段感情曾經犯下的錯，都會希望在下一個人身上尋求救贖，所以往往是你教會了我珍惜，我卻以之相伴他人；我教會了你愛情，你卻與另一個人共度餘生。,文學
41,你有多獨立，就有多美好,王珣,女人要有一顆穩定的內心，做個努力又獨立的自己。獻給過著生活卻丟了自己的女人──獨立，不是與生活對抗，而是成為更好的自己！其實，你和生活可以一起變美。學會富養自己、富愛自己，用心經營自己的生活；學會選擇、學會放棄，努力過好每一個當下。女人最好的生活狀態是你不怕老，甚至是你看上去比實際年齡還年輕。如果沒有人陪你顛沛流離，那你就做自己的太陽，溫暖自己的每一寸人生。把自己過得健康自信、美麗自律，享受路上的每一場相遇。世上人山人海，你可以邊走邊愛。這本書，寫給每一個在生活中缺乏安全感的你。作者王珣集結四十三個婚姻困局與情感危機的真實案例，希望透過書中故事，讓女人懂得在心理和生理上成為一個豐富多姿的人。願你不為家庭所困，不因婚姻所惑，不與委屈和解，不向安穩妥協。願你獨立又美好！【邁向人生美好的知心語錄】 找不到對的人，可能是你改不掉錯的自己。 勇敢去愛，但不要相信自己為愛而生。 女人最美的樣子，是你靠自己過更好的生活。 我們自己要懂得挖掘自身的美，自信都是從這樣的努力和堅持中變得強大，又成為你的氣質和魅力。 長得好看是上天的恩賜，活得好看卻是我們後天修練的本事。 所有的生活現狀都可以發生改變，所有的困難都可以過去，重點是你選擇了什麼又做了什麼。 有時候，我們並非需要完全走出了傷痛才能重新開始，而是學會了帶著傷痛繼續生活。 我們根本不需要告訴別人自己的夢想，不需要婚姻拯救命運，不需要向別人訴苦，即便眼前的世界看起來不太美好，也可以憑藉自己的努力改變和堅持，讓一切都慢慢變得沒那麼糟糕。,心靈勵志
42,愛我,亞斯莫,"女法醫版的《沉默的羔羊》，東方版的《追殺夏娃》。 惡夢，我帶走了！我愛妳。 精神科權威醫師父親自殺了！是陰謀？還是意外？ 私欲與謊言 女法醫方心渝追逐貌美迷人的女瑜伽師蔡怡君，想從其中找出父親自殺的謎團。在充滿算計的交心過程、情慾流竄的魅惑眼眸中，兩人間的情感如假似真……蔡怡君，美的令人屏息，無法忽視的魅惑力卻是致命的武器。窒息性的愛情，讓每一任愛著她的男人、女人各個死於非命，而她，卻總能全身而退。方心渝，崩潰甦醒在無盡的惡夢中，支持她活下去的唯一動力，就是追著她。 真相藏匿於愛與不愛、殺與不殺之間……讓人命喪於無形的方法，方心渝最後能否抽絲剝繭，順利找到解答？ 作者以細膩深刻的手法呈現出犯罪背後的人性黑暗面，帶領讀者進入峰迴路轉的謎團中，沉浸於不斷襲來的事件揪緊心情，是一部緊撓人心的懸疑佳作。",言情 輕小說
43,金色幸運符,菲卓．派崔克,意外發現的黃金墜飾手鍊，串起一段關於悼念摯愛與重啟人生的旅程。　　『是那些曾經有過的故事，豐富了我們的生命。』　　★授權德國、法國、挪威、日本、韓國等21國版權　　★goodreads網站1.2萬人4顆星評價，2000條評語　　★英國Lovereading.co.uk 2016年最佳小說　　★Red magazine四月最佳小說　　★Kobo’s當月最佳小說　　★Indie Next List當月最佳小說　　一段從過去出發到未來的旅程。　　始終走不出喪妻之痛的亞瑟，因為不想面對鄰居的憐憫眼神，連家門也不踏出一步。　　直到妻子逝世一年後的忌日，決定從整理她的遺物開始，逐步重拾生活步調，卻在衣櫃裡發現一條他從未見過的黃金墜飾手鍊，上面鑲著八個精緻的幸運符（Lucky Charm），分別是：大象、花朵、書本、調色盤、老虎、頂針、心及戒指。　　然而妻子向來個性務實，為何會瞞著他收藏如此華麗的飾品？　　為了查出真相，亞瑟走出家門，根據每個墜飾的線索一一探尋，竟發現了妻子不為人知的過去......　　所有的發現都讓他感到無比困惑，為何曾經有著活力四射、多采多姿生活的妻子，竟會選擇與一個無趣的鎖匠共度一生？　　原本是一趟為了尋找妻子秘密過往而踏上的冒險，也因為一路上遇到的人們，讓亞瑟開始思索生命裡的憂傷與美好，繁華與淡麗。　　他有可能不再是那個始終靜默、躲著人群、無法對子女表達愛意的父親，並且從缺席的回憶裡重構未來嗎？媒體好評　　每日郵報［Daily Mail］：　　「這是一個圍繞著許多幸運符的溫馨故事，讓我好想為主角亞瑟打打氣。」　　圖書館雜誌［Library Journal］：　　「這是一部精彩的首部作品，溫馨、有趣而且令人驚奇。除了運用時下的流行元素外，還有如同發生在你我周遭的生活故事。」　　出版人周刊［Publishers Weekly］：　　「派崔克的首部作品提供許多美妙卻又悲傷的情節，這是個甜蜜的故事。」　　哈潑時尚雜誌［Harper’s Bazaar］：　　「迷人又令人無法忘懷的故事情節。」　　太陽報［The Sun］：　　「從書名到內容都十分令人著迷，這本書是心靈的良藥。」　　科克斯書評［Kirkus］：　　「這個故事就像是在一個冷冽的午後，提供你一杯熱茶般的溫暖人心。」　　書單［Booklist］：「派崔克的首部小說描述了一個關於婚姻當中的悲傷和甜蜜記憶。讀者可以發現，老實的大叔亞瑟可愛的一面。」讀者好評　　我已經很久沒有讀過如此令人愉快的溫情小說了，這本書讓我很難將它放下，甚至讓我有點愛上了亞瑟派普這位大叔。這是一個關於年過半百之後的中年大叔走在人生的十字路口上，決定如何過他的人生下半場。──Susan　　我喜歡這本充滿冒險、智慧、有趣，又溫馨的小說。讓人意想不到的故事情節，讓生活更加豐富有趣。這是個有品味的故事，時而幽默，時而又會被悲傷所觸動。而書中對記憶的描述也令人動容，就像是真相的陰影般存在。──Pamela　　這將是我在2016年最喜歡的小說之一。　　我喜歡故事當中對於失去摯愛的悲傷，以及美好的友誼。這是個迷人、有趣和溫暖的故事，我想我愛上了亞瑟派普了。──Robin　　我很高興我閱讀到了這本書。這是一個關於悲傷和希望的故事，在失去摯愛後不知道該如何面對生活的旅程。值得一讀再讀的一本書。讓我們這麼做來迎接2017年。──Steph　　這個故事非常純真、迷人、勵志、幽默，卻也令人心碎。亞瑟派普就同我的未來縮影。我的意思是說，當有人按門鈴時，我也曾像雕像一樣站著假裝我不在家。他讓我想再次旅行，去見識一下新奇的事物。我喜歡亞瑟的轉變，因為他走出了舒適區，無畏懼地勇往直前。這是個好故事，我迫不及待地想要推薦大家閱讀。亞瑟讓我想成為一個更好的男人。──M,文學
44,養成有錢體質,橫山光昭,"根據人力銀行最新統計，臺灣39歲以下族群，　　個人名下總存款，平均只有13.3萬元，　　甚至有超過兩成的人，零積蓄。　　◎住公司附近，省通勤費但房租高；跟上班通勤但住家遠，你怎麼選？　　◎投資自己很重要，所以買了健身課程、高爾夫球課……其實這些最容易浪費錢。　　◎「請問你，昨天一共花了多少錢？」你只能大概、還是能精確回答？　　薪水永遠追不上物價，我還有可能提早財富自由嗎？　　當然，只要你現在開始培養「有錢體質」。 　　作者橫山光昭學的是會計，卻被公司派到門市當業務，　　因此他只待了幾年就離職，準備代書考試。　　當時的他才25歲，有兩個小孩要養，家裡卻只有他一份薪水。　　這樣很難存錢？錯，他利用自創的家計三分法、靠三本存摺，　　從跟人借錢來準備創業，到37歲不到就存到第一桶金，　　更成為日本累積銷量達300萬本以上的作家和理財顧問，　　幫助超過23,000個家庭，從月月赤字，變年年有餘。　　◎家計三分法，爽花5％照樣能存錢　　「你昨天花了多少錢？」很多人根本答不出來，因為你沒有記。　　有錢體質的關鍵是：記住自己花了多少錢，但千萬不要每筆花費都記，　　更不要從最複雜的伙食費開始，因為這是許多人記帳失敗的關鍵。　　按照作者自創的消、浪、投──家計三分法記帳，　　每個月除了固定的生活費，還能允許自己有5％爽爽花，照樣存大錢。　　◎有錢人必備三本存摺　　　變有錢的第一步，你要有三本存摺：　　日用摺：放每個月的日常開銷，最少要存放1.5個月生活費。　　儲蓄摺：薪水一入帳，馬上轉1/6薪水到這本存摺，且至少要放6個月生活費。　　理財摺：這裡面不要放現金，而是股票或基金。　　猜猜看，哪本存摺不要天天看？　　作者已持續這樣操作19年，累積的投資報酬率已達6%以上！　　◎跟你的父母、子女、另一半，談錢　　結婚和單身，哪個比較花錢？買房和租房，哪個划算？　　網路上最常討論的兩個大哉問，日本最強理財大師親自算給你看。　　要存多少錢才夠退休生活？只靠健保不要其他保險可以嗎？　　其實，有三種情況根本不需要買人壽險。  　　許多家庭的家計破口，在於這兩種投資：孩子的補習和才藝，　　如何用最快速度存到100萬，又不會降低生活品質？　　日本理財大師教你具體實踐，提早實現財富自由！各界推薦　　《散戶的50道難題》、《高手的養成》系列暢銷書作者／安納金　　《股海老牛專挑抱緊股，穩穩賺100%》作者／股海老牛　　聆韵企業管理顧問創辦人／徐慧玲　　粉專「寶可孟的理財記事本」版主／寶可孟",商業財經
45,女相(1),黎書,她一身白衣，英眉冷冽，揮劍指他，他卻笑灼顏開。他無賴道：“我昨夜夜觀星象，掐指一算，發現你命裡缺我。”,言情 輕小說
46,女相(2),黎書,她一身白衣，英眉冷冽，揮劍指他，他卻笑灼顏開。他無賴道：“我昨夜夜觀星象，掐指一算，發現你命裡缺我。”,言情 輕小說
47,女相(3),黎書,她一身白衣，英眉冷冽，揮劍指他，他卻笑灼顏開。他無賴道：“我昨夜夜觀星象，掐指一算，發現你命裡缺我。”,言情 輕小說
48,女相(4)完,黎書,她一身白衣，英眉冷冽，揮劍指他，他卻笑灼顏開。他無賴道：“我昨夜夜觀星象，掐指一算，發現你命裡缺我。”,言情 輕小說
49,女相(全),黎書,她一身白衣，英眉冷冽，揮劍指他，他卻笑灼顏開。他無賴道：“我昨夜夜觀星象，掐指一算，發現你命裡缺我。”,言情 輕小說
50,蜜愛嬌妻：總裁甜甜寵(1),阿嫻,陳小沐從來沒想過會遭遇被親妹妹戴綠帽子這種小說裡才會有的狗血情節……不過，幸好，所謂失之東隅收之桑榆……“喂，女人，你在發什麼呆呢？”孟氏集團總裁孟軒給她來了個摸頭殺！“啊！都說了不要摸頭不要摸頭，會變傻的。”某女抓狂道。“以後我當你的腦袋為你出謀劃策，走上人生巔峰好不好！”面對某男的土味情話，陳小沐表示完全沒有抵抗力啊……,言情 輕小說
51,蜜愛嬌妻：總裁甜甜寵(2),阿嫻,陳小沐從來沒想過會遭遇被親妹妹戴綠帽子這種小說裡才會有的狗血情節……不過，幸好，所謂失之東隅收之桑榆……“喂，女人，你在發什麼呆呢？”孟氏集團總裁孟軒給她來了個摸頭殺！“啊！都說了不要摸頭不要摸頭，會變傻的。”某女抓狂道。“以後我當你的腦袋為你出謀劃策，走上人生巔峰好不好！”面對某男的土味情話，陳小沐表示完全沒有抵抗力啊……,言情 輕小說
52,蜜愛嬌妻：總裁甜甜寵(3),阿嫻,陳小沐從來沒想過會遭遇被親妹妹戴綠帽子這種小說裡才會有的狗血情節……不過，幸好，所謂失之東隅收之桑榆……“喂，女人，你在發什麼呆呢？”孟氏集團總裁孟軒給她來了個摸頭殺！“啊！都說了不要摸頭不要摸頭，會變傻的。”某女抓狂道。“以後我當你的腦袋為你出謀劃策，走上人生巔峰好不好！”面對某男的土味情話，陳小沐表示完全沒有抵抗力啊……,言情 輕小說
53,蜜愛嬌妻：總裁甜甜寵(4)完,阿嫻,陳小沐從來沒想過會遭遇被親妹妹戴綠帽子這種小說裡才會有的狗血情節……不過，幸好，所謂失之東隅收之桑榆……“喂，女人，你在發什麼呆呢？”孟氏集團總裁孟軒給她來了個摸頭殺！“啊！都說了不要摸頭不要摸頭，會變傻的。”某女抓狂道。“以後我當你的腦袋為你出謀劃策，走上人生巔峰好不好！”面對某男的土味情話，陳小沐表示完全沒有抵抗力啊……,言情 輕小說
54,蜜愛嬌妻：總裁甜甜寵(全),阿嫻,陳小沐從來沒想過會遭遇被親妹妹戴綠帽子這種小說裡才會有的狗血情節……不過，幸好，所謂失之東隅收之桑榆……“喂，女人，你在發什麼呆呢？”孟氏集團總裁孟軒給她來了個摸頭殺！“啊！都說了不要摸頭不要摸頭，會變傻的。”某女抓狂道。“以後我當你的腦袋為你出謀劃策，走上人生巔峰好不好！”面對某男的土味情話，陳小沐表示完全沒有抵抗力啊……,言情 輕小說
55,總裁情深不淺(1),西柚,蘇軟軟被袁立琴送上李承燁的床上，本準備利用其幫助自己的女兒蘇糯糯上位，誰知卻被李大少爺看中帶進家中淪落為‘貼身傭人’還債。當小綿羊面對大灰狼，柔軟的毛蹭的一刻，冰冷的心從此變得火熱，她插翅難逃——,言情 輕小說
56,總裁情深不淺(2),西柚,蘇軟軟被袁立琴送上李承燁的床上，本準備利用其幫助自己的女兒蘇糯糯上位，誰知卻被李大少爺看中帶進家中淪落為‘貼身傭人’還債。當小綿羊面對大灰狼，柔軟的毛蹭的一刻，冰冷的心從此變得火熱，她插翅難逃——,言情 輕小說
57,總裁情深不淺(3),西柚,蘇軟軟被袁立琴送上李承燁的床上，本準備利用其幫助自己的女兒蘇糯糯上位，誰知卻被李大少爺看中帶進家中淪落為‘貼身傭人’還債。當小綿羊面對大灰狼，柔軟的毛蹭的一刻，冰冷的心從此變得火熱，她插翅難逃——,言情 輕小說
58,總裁情深不淺(4)完,西柚,蘇軟軟被袁立琴送上李承燁的床上，本準備利用其幫助自己的女兒蘇糯糯上位，誰知卻被李大少爺看中帶進家中淪落為‘貼身傭人’還債。當小綿羊面對大灰狼，柔軟的毛蹭的一刻，冰冷的心從此變得火熱，她插翅難逃——,言情 輕小說
59,總裁情深不淺(全),西柚,蘇軟軟被袁立琴送上李承燁的床上，本準備利用其幫助自己的女兒蘇糯糯上位，誰知卻被李大少爺看中帶進家中淪落為‘貼身傭人’還債。當小綿羊面對大灰狼，柔軟的毛蹭的一刻，冰冷的心從此變得火熱，她插翅難逃——,言情 輕小說
60,特工皇妃：魔王的寵妻(1),落雨,闕若羽在一場槍戰中不幸身亡，醒來後發現重生在前朝公主的身上，最鬱悶的還是身居冷宮，吃不飽穿不暖被人欺辱。她可是來自二十一世的特工殺手，難道還玩兒不轉一個古代！可不想，當她在冷宮逍遙快活的時候，卻不想被宮中的大魔王太子殿下給看中了，從此後生活的水深火熱。,言情 輕小說
61,特工皇妃：魔王的寵妻(2),落雨,闕若羽在一場槍戰中不幸身亡，醒來後發現重生在前朝公主的身上，最鬱悶的還是身居冷宮，吃不飽穿不暖被人欺辱。她可是來自二十一世的特工殺手，難道還玩兒不轉一個古代！可不想，當她在冷宮逍遙快活的時候，卻不想被宮中的大魔王太子殿下給看中了，從此後生活的水深火熱。,言情 輕小說
62,特工皇妃：魔王的寵妻(3),落雨,闕若羽在一場槍戰中不幸身亡，醒來後發現重生在前朝公主的身上，最鬱悶的還是身居冷宮，吃不飽穿不暖被人欺辱。她可是來自二十一世的特工殺手，難道還玩兒不轉一個古代！可不想，當她在冷宮逍遙快活的時候，卻不想被宮中的大魔王太子殿下給看中了，從此後生活的水深火熱。,言情 輕小說
63,特工皇妃：魔王的寵妻(4)完,落雨,闕若羽在一場槍戰中不幸身亡，醒來後發現重生在前朝公主的身上，最鬱悶的還是身居冷宮，吃不飽穿不暖被人欺辱。她可是來自二十一世的特工殺手，難道還玩兒不轉一個古代！可不想，當她在冷宮逍遙快活的時候，卻不想被宮中的大魔王太子殿下給看中了，從此後生活的水深火熱。,言情 輕小說
64,特工皇妃：魔王的寵妻(全),落雨,闕若羽在一場槍戰中不幸身亡，醒來後發現重生在前朝公主的身上，最鬱悶的還是身居冷宮，吃不飽穿不暖被人欺辱。她可是來自二十一世的特工殺手，難道還玩兒不轉一個古代！可不想，當她在冷宮逍遙快活的時候，卻不想被宮中的大魔王太子殿下給看中了，從此後生活的水深火熱。,言情 輕小說
65,總裁的契約情人(1),風一樣的我,六一兒童節，女總裁給兒子招聘臨時爸爸，結果對方竟然是死去的丈夫。惡婆婆、極品小姑、生病的公爹，究竟是誰設計出這樣的陰謀？只有失憶的老公最可愛，心甘情願當情人，會做家務、會打架、還會哄小包子。一家三口同心協力，所有的妖魔鬼怪都到碗裡來！等水落石出，女總裁才知道她全身心依賴的男人竟然是丈夫的孿生兄弟，怎麼破?,言情 輕小說
66,總裁的契約情人(2),風一樣的我,六一兒童節，女總裁給兒子招聘臨時爸爸，結果對方竟然是死去的丈夫。惡婆婆、極品小姑、生病的公爹，究竟是誰設計出這樣的陰謀？只有失憶的老公最可愛，心甘情願當情人，會做家務、會打架、還會哄小包子。一家三口同心協力，所有的妖魔鬼怪都到碗裡來！等水落石出，女總裁才知道她全身心依賴的男人竟然是丈夫的孿生兄弟，怎麼破?,言情 輕小說
67,總裁的契約情人(3),風一樣的我,六一兒童節，女總裁給兒子招聘臨時爸爸，結果對方竟然是死去的丈夫。惡婆婆、極品小姑、生病的公爹，究竟是誰設計出這樣的陰謀？只有失憶的老公最可愛，心甘情願當情人，會做家務、會打架、還會哄小包子。一家三口同心協力，所有的妖魔鬼怪都到碗裡來！等水落石出，女總裁才知道她全身心依賴的男人竟然是丈夫的孿生兄弟，怎麼破?,言情 輕小說
68,總裁的契約情人(4)完,風一樣的我,六一兒童節，女總裁給兒子招聘臨時爸爸，結果對方竟然是死去的丈夫。惡婆婆、極品小姑、生病的公爹，究竟是誰設計出這樣的陰謀？只有失憶的老公最可愛，心甘情願當情人，會做家務、會打架、還會哄小包子。一家三口同心協力，所有的妖魔鬼怪都到碗裡來！等水落石出，女總裁才知道她全身心依賴的男人竟然是丈夫的孿生兄弟，怎麼破?,言情 輕小說
69,總裁的契約情人(全),風一樣的我,六一兒童節，女總裁給兒子招聘臨時爸爸，結果對方竟然是死去的丈夫。惡婆婆、極品小姑、生病的公爹，究竟是誰設計出這樣的陰謀？只有失憶的老公最可愛，心甘情願當情人，會做家務、會打架、還會哄小包子。一家三口同心協力，所有的妖魔鬼怪都到碗裡來！等水落石出，女總裁才知道她全身心依賴的男人竟然是丈夫的孿生兄弟，怎麼破?,言情 輕小說
70,特工神醫俏皇妃(上),淺憶雪,二十一世紀的特工精英顧輕舞，因緣巧合之下穿越到一個不存在的國家。睜開眼睛那一刻，她從一個深藏不露的草包小姐變為狠戾的小魔頭。秉承著往後要隨心而活的遵旨，開酒店，辦妓院，玩的不亦樂乎，但很快，關乎種族生存的重任就降臨到她身上。這一次，她身邊好友無數，更有良人陪伴，為了所愛之人，她毅然踏上征程。,言情 輕小說
71,特工神醫俏皇妃(中),淺憶雪,二十一世紀的特工精英顧輕舞，因緣巧合之下穿越到一個不存在的國家。睜開眼睛那一刻，她從一個深藏不露的草包小姐變為狠戾的小魔頭。秉承著往後要隨心而活的遵旨，開酒店，辦妓院，玩的不亦樂乎，但很快，關乎種族生存的重任就降臨到她身上。這一次，她身邊好友無數，更有良人陪伴，為了所愛之人，她毅然踏上征程。,言情 輕小說
72,特工神醫俏皇妃(下),淺憶雪,二十一世紀的特工精英顧輕舞，因緣巧合之下穿越到一個不存在的國家。睜開眼睛那一刻，她從一個深藏不露的草包小姐變為狠戾的小魔頭。秉承著往後要隨心而活的遵旨，開酒店，辦妓院，玩的不亦樂乎，但很快，關乎種族生存的重任就降臨到她身上。這一次，她身邊好友無數，更有良人陪伴，為了所愛之人，她毅然踏上征程。,言情 輕小說
73,特工神醫俏皇妃(全),淺憶雪,二十一世紀的特工精英顧輕舞，因緣巧合之下穿越到一個不存在的國家。睜開眼睛那一刻，她從一個深藏不露的草包小姐變為狠戾的小魔頭。秉承著往後要隨心而活的遵旨，開酒店，辦妓院，玩的不亦樂乎，但很快，關乎種族生存的重任就降臨到她身上。這一次，她身邊好友無數，更有良人陪伴，為了所愛之人，她毅然踏上征程。,言情 輕小說
74,一晚情深(上),沈一一,“老婆，你最好安分一點。”他眼睛微眯，危險地看著眼前的小女人。她笑的嫵媚：“寶貝，難道不是你安分點？”他心中暗暗叫苦，遇上這麼個妖精，真是痛並快樂著！,言情 輕小說
75,一晚情深(中),沈一一,“老婆，你最好安分一點。”他眼睛微眯，危險地看著眼前的小女人。她笑的嫵媚：“寶貝，難道不是你安分點？”他心中暗暗叫苦，遇上這麼個妖精，真是痛並快樂著！,言情 輕小說
76,一晚情深(下),沈一一,“老婆，你最好安分一點。”他眼睛微眯，危險地看著眼前的小女人。她笑的嫵媚：“寶貝，難道不是你安分點？”他心中暗暗叫苦，遇上這麼個妖精，真是痛並快樂著！,言情 輕小說
77,一晚情深(全),沈一一,“老婆，你最好安分一點。”他眼睛微眯，危險地看著眼前的小女人。她笑的嫵媚：“寶貝，難道不是你安分點？”他心中暗暗叫苦，遇上這麼個妖精，真是痛並快樂著！,言情 輕小說
78,棄女成婚，太子殿下的寵妃(上),地縛靈,一個是被貶的太子殿下，一個是將軍的掌上明珠，被厭棄的太子殿下與遺棄的將軍府嫡女之間到底發生了怎樣的糾葛，且看太子殿下與將軍府嫡女如何翻身做主……        龍月是一個悲催的穿越者，一到這個世界就‘死了’，再睜開眼睛，卻發現自己在太子府，記憶剛剛恢復又因為毒藥失憶了，一找到親人又被拋棄了，沒關係，她可以跟著太子殿下，誰知道，太子妃居然是自己的妹妹……      龍月表示，她的人生就是因為這個太子殿下才變成這樣的。       龍月想要逃，結果……      “去哪？”“……”龍月被抓回來，再離開，龍月...,言情 輕小說
79,棄女成婚，太子殿下的寵妃(中),地縛靈,一個是被貶的太子殿下，一個是將軍的掌上明珠，被厭棄的太子殿下與遺棄的將軍府嫡女之間到底發生了怎樣的糾葛，且看太子殿下與將軍府嫡女如何翻身做主……        龍月是一個悲催的穿越者，一到這個世界就‘死了’，再睜開眼睛，卻發現自己在太子府，記憶剛剛恢復又因為毒藥失憶了，一找到親人又被拋棄了，沒關係，她可以跟著太子殿下，誰知道，太子妃居然是自己的妹妹……      龍月表示，她的人生就是因為這個太子殿下才變成這樣的。       龍月想要逃，結果……      “去哪？”“……”龍月被抓回來，再離開，龍月...,言情 輕小說
80,棄女成婚，太子殿下的寵妃(下),地縛靈,一個是被貶的太子殿下，一個是將軍的掌上明珠，被厭棄的太子殿下與遺棄的將軍府嫡女之間到底發生了怎樣的糾葛，且看太子殿下與將軍府嫡女如何翻身做主……        龍月是一個悲催的穿越者，一到這個世界就‘死了’，再睜開眼睛，卻發現自己在太子府，記憶剛剛恢復又因為毒藥失憶了，一找到親人又被拋棄了，沒關係，她可以跟著太子殿下，誰知道，太子妃居然是自己的妹妹……      龍月表示，她的人生就是因為這個太子殿下才變成這樣的。       龍月想要逃，結果……      “去哪？”“……”龍月被抓回來，再離開，龍月...,言情 輕小說
81,棄女成婚，太子殿下的寵妃(全),地縛靈,一個是被貶的太子殿下，一個是將軍的掌上明珠，被厭棄的太子殿下與遺棄的將軍府嫡女之間到底發生了怎樣的糾葛，且看太子殿下與將軍府嫡女如何翻身做主……        龍月是一個悲催的穿越者，一到這個世界就‘死了’，再睜開眼睛，卻發現自己在太子府，記憶剛剛恢復又因為毒藥失憶了，一找到親人又被拋棄了，沒關係，她可以跟著太子殿下，誰知道，太子妃居然是自己的妹妹……      龍月表示，她的人生就是因為這個太子殿下才變成這樣的。       龍月想要逃，結果……      “去哪？”“……”龍月被抓回來，再離開，龍月...,言情 輕小說
82,爆笑低能辦公室（2）,爆笑王,"為你搜羅近數百個啜核抵死的辦公室笑話，齊齊一書解千愁，笑到你停唔到口！大爆蛇王、擦鞋、有鑊即卸膊、識少少扮代表的員工趣事，在書中大放笑蛋！故事短篇，每篇爆笑位滿FUN，估你唔到！全城開壞大笑！一笑解千愁！ 蘿蔔頭、老闆娘、畢用功、王經理、Dabbie、爆炸明、恭家偉、高美玲和Moon Moon，在書中大放辦公室笑蛋，包你笑爆肚，爆笑趣事內容節錄： ‧做不完的事在下班的繁忙時段，Moon Moon的朋友Cathy也迫在擁擠的地鐵車廂中，一個膽小的色狼壯起了膽，突然對身旁的Cathy毛手毛腳起來。幾個站過後，他準備下車時，卻被Cathy狠狠地踩了一腳。他非常慚愧害羞地說：「對不起，對不起，我不是故意的。」Cathy生氣地說：「先生，做不完的事就不要做啊！」 ‧不再依賴電腦蘿蔔頭：「短腳鬼，我覺得同事們花太多時間在電腦上了，對住電腦時間太長，對身心都不太健康！」短腳鬼：「老闆，請問老闆有甚麼高見，可以讓我們下屬不再依賴電腦？」蘿蔔頭：「好，我上網查查！」短腳鬼：「……」",生活休閒
83,爆笑低能辦公室（3）,爆笑王,"辦公室爆笑Style 包你笑到停唔到口！數百則爆笑故事，包你捧腹大笑！道盡香港超錯老闆、蠱惑員工、蛇王OL各種啜核、抵死、白痴、搞笑的趣事！書中爆盡香港一般辦公室常見的冏人冏事！包你深有共鳴，笑出眼淚來！ 每日朝九晚九做到無停手，工作壓力爆煲點算好？今集依舊有縮骨兼躁狂的老闆、有喜歡蛇王、擦鞋、做人肉錄音機、有鑊即卸膊、識少少扮代表的員工。爆笑趣事內容節錄： ‧一概不接蘿蔔頭看見爛gag王在辦公時間用電話不斷聊天，感到十分生氣，便罵他：「你不能在上班時間用公司電話聊天！」爛gag王說：「那我在家休息的時候，凡是你打來的電話我都一概不接！」 ‧不可能完成的任務將近新年，公司進行大掃除，各同事都埋頭苦幹地整理個人的辦公桌。蘿蔔頭突然吩咐爛gag王：「幫我擦一擦窗邊那棵仙人掌！」 ‧不能吸煙有一天，王經理在巡視業務時，發現爆炸明躲在後樓梯煲煙。於是王經理就對爆炸明說：「工作時不能吸煙！」爆炸明卻不慌不忙地回答：「對啊，所以我吸煙時沒有工作。」",生活休閒
84,香港十八區恐怖猛鬼校園,鬼差,"由全港網友投選的至恐怖校園鬼故，收錄在本書的鬼故全是恐怖之最！打開結界，絕密公開校園界的靈異X-File，上榜的鬼校梗有一間喺咗近！全面揭開本港不思議的校園鬧鬼傳說，恐懼精華，小心慎入！ 「是啊，據說後來改建成醫院了，當時的停屍間便是現在的操場！」「對啊，有師兄師姐說音樂室人像畫，每晩七點後便會對你微笑！」很多學校都流傳過類似上述的鬼故，然而，除了這些流傳下來、難以追溯的傳說外，其實有不少校園怪談是有根有據，且駭人恐怖。 本書的鬼故事是從1500個網友所寫的撞鬼個案中嚴選出來，來自全港九新界十八區的中小學及大學！每篇鬼故都在挑戰你的膽量，刺激你的心臟，令你冷汗直冒，透不過氣！  被欺凌至死的男生揚言要返來報復…… 已死教師心願未了，要來應徵教席…… 學校飲水機流出來的水竟然有──屍──臭──味…… 徐同學駭然發現身邊的好友原來──不是──人…… 沙田區有間中學，一個血肉模糊的斷肢老婦陰魂不散，徘徊不去…… 有間中學的校徽竟有辟邪作用，忘了戴上就會撞鬼…… 一個頑皮學生因劃花學校的銅像，結果惹來怨魂纏身…… 荃灣中學有個魔鬼泳池，學生經常無故遇溺……",言情 輕小說
85,猛鬼怨魂通靈重案組,鬼差,"重案組退休探員Hello Sir把他30年來親身經歷的靈異重案故事一一大揭秘！情殺、自殺及倫常慘劇等駭人聽聞的案件背後，隱藏著更耐人尋命的靈異真相！書中所述的靈案實錄不單曲折離奇、陰森詭秘，更是耐人尋味！ 老差骨Hello Sir，是一名已退休的前重案祖探員。Hello Sir 在本書中，會集偵查解謎和靈異驚嚇於一身，把他30 年來耳聞目睹、親身經歷、來自中國大陸及香港台灣的靈案寃魂故事一一記錄下來，回望30 年的查案生涯，他處理過的仇殺、情殺、自殺、倫常慘劇等案件不下數百，駭人聽聞的案件背後，隱藏著人性最醜陋的一面。在解開一個又一個疑團之後，所得到的真相比表像更加不可思議、難以置信！ 書中所述的靈異重案，不但隱藏著人性最醜陋的一面，背後更是陰森詭秘、耐人尋味的真相！  狠男殺懷孕女友棄屍，寃魂托夢神探終破奇案…… 盜竊犯獄中去信警務處，坦承自己為30年前姦殺懸案真凶…… 無良司機車禍不顧而去，加國旅行離奇被擊斃，死因可疑…… 兇案現場突現血手印，疑兇失控崩潰，終向警方俯首認罪…… 死因庭上，三歲證人突變身「亡母代言人」…… 夫死妻亡，7 歲童庭上作供親述鬼殺人...... 寃親債主化蜘蛛精復仇，花蓮一家五口滅門慘死……",言情 輕小說
86,香港撞邪絕命旅行團,鬼差,"猛鬼導遊大爆帶團外遊所遇的詭異及驚心經歷！驚嚇加碼，震撼曝光！親述各種在酒店、墳墓、荒野、棄屍車、古蹟等遇到的恫嚇驚心撞鬼經歷！帶你逛盡全球最陰險的陰屍地！包你嚇破膽的靈異鬼書，你敢不敢看？ 本書作者Jackeline 從事導遊工作10 多年，經常帶團到東南亞、美國和歐洲，旅途上耳聞目睹的靈異傳聞多不勝數，在網上討論區、行家茶聚交流收集得來的詭異經歷更是多如繁星，案發地點包括不同國家的酒店、工商機構、購買廣場、墳墓、荒野及公路、校園、凶宅和古蹟等。如果大家已看膩了香港的鬼故事，Jackeline 在本書中記述的所見所聞，一定可帶給大家前所未有的刺激感！ 導遊的壓力不足外人道，但最「攞膽」的是導遊在陌生的異地經常會遇到恫嚇驚心的撞鬼經歷！• 多嘴惹事，鬼團友跟你大合照……• 酒店鏡子裡有惡鬼「厲」住你……• 雲頂枉死怨魂「鬼打鬼」……• 下一站──千人塚……• 地板上的鬼臉孔……• 東瀛登山團，團友失散鬼作怪……• 奪命檳城鬼大宅……• 邪靈遺下的鬼齒印……• 猛鬼遊輪的百年魍魎……• 幽冥「鬼」堡陰魂不散……• 中世紀鬼騎士跟你返酒店……",言情 輕小說
87,陰陽路之一路歸西,鬼差,"厲鬼亡靈徘徊人間，無端撞邪、被鬼纏身，令你心膽俱裂！鬼抄牌、鬼病人掛號、K房遇鬼陪客……撞邪受害人親述恐怖的鬼虐經歷！許多心願未了、怨氣衝天的惡靈在附近……迷惑你，迫你走進陰陽路一路歸西！  考古發現，香港已有七千年歷史！在悠悠的歷史歲月裡，香港經歷了很多戰亂、天災人禍，大量平民無辜枉死。如果人死為鬼，那麼，香港這個彈丸之地應該隱藏了數以千萬計的陰靈，當中不乏是心願未了、怨氣衝天的惡靈，梗有一個喺你附近…… 書中每個受害人平生都不作虧心事，夜半無端也撞鬼！例如： 吐露港鬼抄牌，司機嚇破膽！ 全港鬧鬼的地鐵靈異事件逐個數！ 靈體夜闖醫院要掛號…… K房好猛鬼，紅衣少女暗角陪你唱歌！ 電視城猛鬼傳聞大集合，各明星大爆撞邪實錄！",言情 輕小說
88,校園探靈死亡筆記,鬼差,"從小到大，校園的鬧鬼傳聞，你肯定聽過不少！但你有沒有去查證過？甚至結伴去探靈？Eric、Dona、Jhan、Toby四人小時候已經愛上探靈；世上的確有鬼怪的存在，只是你有沒有「運氣」跟它們遇上！他們組成「探靈敢死隊」，冒死走進幾十間鬧鬼校園探靈……探靈期間又向不少知情人士套取內情，誓要為你揭開每宗鬧鬼故事背後耐人尋味的真相！ 挑戰你的心臟極限！直擊校園探靈故事！冤死亡靈血光鬼影，令人膽喪魂驚！「探靈敢死隊」冒死四出走訪鬧鬼的學校，將探靈期間的親身經歷記錄下來。本書每一宗校園靈異探靈實錄不單曲折離奇、情節震撼，更是耐人尋味！",言情 輕小說
89,降頭邪咒殺無赦,鬼差,"本書震憾揭開東南亞自古以來各種降頭邪術最毒辣陰損的一面！大恐怖！降頭、巫術、毒咒殺人於無形！指甲毛髮足可置你死地！受害者的駭人悲慘經歷絕對令你肝膽俱裂，施降者的下場同樣慘絕人寰！本書教大家分辨是否中降，萬一中降亦有解降秘方可以用來暫時吊命！",言情 輕小說
90,從失敗至成功：人生絕境逆襲方程式,陳永聰,"掌握人生逆襲的關鍵！由內而外升級身心狀態，讓自己發揮最大潛能，邁向成功！本書作者以專業及自身經歷，告訴大家待人處事之道：成功是要靠努力、檢討、改進！作者投身商界近30年、自力更新，從一無所有的窮小子，打拼到今天的輝煌成就！本書分為七個章節，分別從學習、工作、家庭、投資等方面，讓大家踏上成功之路！ 一本給失敗、未成功、又或者自以為已經成功的人閱讀的書。一本能讓你自我反思、改進自己，從而獲得更美好成果的書。 緊記着，任何時候都是學習的機會，任何時候都要令自己進步！",商業財經
91,香港人都搲爆頭的爆趣見聞,愛生事家庭,"政府喜歡在渠蓋上貼膠紙，難道太多膠？為甚麼海中會插滿木樁呢？難道水中有妖靈，村民用木樁來鎮壓水鬼？ 你以為自己十分熟識香港？但原來我們常見的事物，你可能一問三不知！作者愛生事家庭帶大家捐窿捐罅，圖文並茂搜刮本港所有奇人異事！本書解構香港的奇怪建築，珍禽異獸，拜神習俗，香港之最，奇特怪樹特別收錄香港人及旅客必到的香港本土名勝！熱愛香港文化的你絕不能錯過！",觀光旅遊
92,自己動手排版設計印刷書刊,超媒體編輯組,"教你親手排版、設計及印刷書刊全部技巧，圖文詳解，即時上手！一手包辦書刊、小冊子、單張、海報、會訊、校報、紀念冊、小說集，從此製作不求人！用最專業的Adobe InDesign來作排版設計示範，Step By Step跟住學，輕鬆學會製作書刊！   學校 / 機構時常要製作書刊、小冊子、教材，自己動手製作難唔難？ 公司要我負責製作及印製宣傳刊物，如何最快設計出專業水準的刊物？ 如何一手一腳排版出書及拿去印刷？製作書刊有甚麼要求？釘裝、紙質、過膠、頁數、印刷數目等，應如何選擇？ 印刷報價單上有很多術語，如何解讀？ 點解印刷出來的效果跟預期會有偏差？究竟哪裡出錯？ 製作好印刷檔後準備交給印刷廠付印時，如何確保零差錯？ 本書是由刊物排版設計到印刷前的完整教學速成天書！ 教你親手排版、設計及印刷書刊全部技巧，圖文詳解，即時上手！一手包辦書刊、小冊子、單張、海報、會訊、校報、紀念冊、小說集，從此製作不求人！用最專業的Adobe InDesign來作排版設計示範，Step By Step跟住學，輕鬆學會製作書刊！",資訊電腦
93,Word 2019職場實戰技 x  倉頡中文打字速學,超媒體編輯組,"Word？人人都識啦！　　你錯了！新版的 Microsoft Word 已經「脫胎換骨」，功能大爆升！Word不止打字咁簡單，它已變身成為文書編輯、排版設計、圖表執相的好助手！本書會讓你精通所有 Microsoft Word 的強勁功能，馬上做出高水準圖文、聲畫俱備的亮麗文件，令人眼前一亮，對你刮目相看！ Word 2019文書處理+倉頡中文打字自學天書，讓你武裝自己，變身職場文書王。盡挖新版Word潛藏的強勁功能，唔駛排版設計軟件，都可以做出亮麗文件！ 另外，本書作者對倉頡輸入法有多年的研究，他充分利用人類記憶的特性，開發了一套「全腦圖像記憶法學倉頡」的技巧，你毋須死記硬背，只要透過書中有趣的圖像，通過聯想串聯，再配合作者獨創的記憶心法，短時間內即可記熟倉頡24個字根、90個字形和一大堆難明的拆碼法則。只要持續練習，個個都可變成超級無敵的倉頡快打高手！",資訊電腦
94,Excel 2019新手入門至精通,超媒體編輯組,"本書教你由淺入深，初哥速成Excel應用達人！ 本書由淺入深，教你全面掌握Excel功能！1. Excel初哥必讀：新版Excel基本應用速成班，從介面、工具列、功能按鈕、儲存格格式全面講解，Excel應用瞬間熟練！ 2. 職場應用實戰：善用Excel統計、篩選、比較、排序、處理及快速計算繁複資料，幫你妥善處理日常數據、商業記帳、資料統計分析工作。 3. Excel進階必學：輕鬆製作各式各樣統計圖表、走勢分析，強大列印功能即學即用！3D立體圖畫 + SmartArt超強功能，助你打造圖文並茂的Excel報表！活用雲端功能，Excel檔案分享Everywhere！ 其他精彩內容包括：‧全面掌握Excel儲存格的格式功能，輸入數據時更得心應手！‧巧用Excel篩選及排序功能，數據化繁為簡！‧善用「格式化條件」，把複雜數據化成圖示標記，資料分明，一清二楚！‧變身統計圖表美化王，各類漂亮、精確數據報表馬上搞定So Easy！‧OneDrive雲端硬碟儲存‧同步‧共享全攻略",資訊電腦
95,倉頡中文打字四日精通特訓班,超媒體編輯組,"你還在用「手寫板」輸入中文嗎？你仍在「速成輸入法」裡慢慢選字嗎？你怕死記硬背來學倉頡嗎？很多新手誤以為「倉頡」非常難學，結果很多人明知倉頡打字最快，也不去學。 本書作者精心編寫4天學懂倉頡教程，毋須死記硬背，快速學懂中文打字！教導大家圖文記憶法，將字根＋字形和拆碼大法鎖進大腦長期記憶區！本書突破傳統，邊玩邊學，又附送記憶卡貼紙、打字練習軟件，助你速成倉頡高手 其實，大家只要按照《倉頡中文打字四日精通特訓班》的教程，四天時間即可變身倉頡快打高手！",資訊電腦
96,The Secret of Seven-Star Mantis Style,七星螳螂拳傳人之一李錦榮師傅,"七星螳螂拳技擊秘訣英文版面世！李錦榮師傅及徒弟親身示範，逐招拍攝，圖文並茂演繹。重現真傳的螳螂拳手法、步法、腿法、對打技法、搏擊技法、攻防及木人樁技法等。本書是全球洋人的功夫迷必買的珍藏品，絕不容錯過！ 本書全以英文撰寫，圖文並茂將七星螳螂拳技擊招式全面演繹，特別適合以英文為母語的武術迷讀者。",生活休閒
97,踢爆香港都市詐騙術,重案起底組,"騙徒嘅手法係層出不窮的，你一不小心，就隨時人財兩失，喊都無謂！作者搜刮本港各類詐騙陷阱，踢爆騙徒的行騙模式，醒你防騙招式！涵蓋金融騙案、電訊/電話網絡騙案、租樓/買樓騙案、口罩騙案、推銷/銷售騙案、求職騙案、街頭騙案騙徒手法已升級到假冒銀行、假冒網頁、假冒警察的地步，唔想做「水魚」？本書必看！ 本書中，「重案起底組」做了大量的資料搜集，踢爆都市各種詐騙陰招，分析他們的行騙模式，並醒你對應的防騙之道，這本書是每個香港人見招拆招、自保防墮騙局的天書！",社會人文
98,Office 2019 Excel X Word職場升呢實戰技,超媒體編輯組,"疫情下打工仔隨時飯碗不保，人人自危！想令老闆對你刮目相看？這本Office 2019精選必學攻略，一本就夠你Level Up！秘殺文書難題，有效提昇工作效率，更可以提早下班呢！ 精選內容如下：1. 初哥必讀：Office 2019 Word和Excel基本應用速成班，從介面、工具列、功能按鈕、範本使用全面講解，輕鬆上手，瞬間熟練！精美報告、文件、Project等幾分鐘搞定！ 2. 職場應用實戰善用Excel統計、篩選、比較、排序、格式化條件等功能快速處理繁複資料，幫你妥善處理日常數據、商業記帳、資料統計分析工作。輕鬆製作各式各樣統計圖表、圖示標記、走勢分析，資料一清二楚！善用Word合併列印輕鬆設定，大量列印信封／標籤／通告／邀請函／會訊零難度！ 3. 進階功能必學唔識用Photoshop編輯圖片？Word和Excel都可變身執相王，替文檔極速美化！Word和Excel內置海量的免費相片、圖片及3D立體圖畫任你用，馬上打造圖文並茂的文件及報表！此外，又可變身圖表王，各類圖表即時自動製成！毋須繁瑣步驟，把Word和Excel變身影片播放器都得！",資訊電腦
99,妙趣中國歷史大翻案,講故王,"陳世美不是渣男？秦檜竟然是良臣？作者推翻大眾熟知的歷史傳聞，還原真相！你信以為真的歷史有幾分真幾分假？精選數十個歷史事件，重新以翻案角度詮釋。用輕鬆搞笑的手法穿梭古今，為歷史人物和事件洗寃，並介紹鮮為人知的古人生活趣聞 本書作者以輕鬆、搞笑的手法，把沉悶的史實分門別類，再以淺白的文字演繹成66篇奇趣的小文章，替歷史上的人和事進行大翻案，既可為歷史人物洗寃，又可讓你知道古人的真實生活面貌！",社會人文
100,家事大百科：智慧生活新提案,家居達人,"家居繁瑣事即時K.O.！教你372招智慧生活高效術，解決衣食住行常見難題懶人抹窗有妙法？發黃恤衫立即變白？燒焦黑鍋怎麼辦？妙殺曱甴蚊蟲有計？從衣物保養、食材保存及烹調、家居清潔和個人健康，教你慳錢、慳時間的解決技巧 你可能是與人同住，或獨自過活；你可能是家庭主婦，又或者是雙職媽媽。無論你是甚麼身分，都需要打理家頭細務。家居達人寫下了各式竅門，幫助大家輕鬆打理家事難題，372招簡易和有效率的家事大百科，你一定要識。",生活休閒
101,命運人生：從面相、手相、命理看透人生百態！,朱兆基師傅,"堪輿學大師教你從玄學角度預測吉凶！以及利用風水趨吉避凶，自主命運人生！實例教你從面相、掌紋推測命理；透過修練氣功、積極的行善哲理，創造美滿人生；教你妙用風水佈局為自己消災改運，避過所有因人事引起的衝突和劫禍！ ●面相分析︰嘴斜之人多奸計，鼻尖之人多扭計，目閃之人用心計，身搖之人愛偷雞，劍眉的人多執著，橫顴的人多霸氣，鼻細的人多計較，倒齒的人用心機，嘴緊的人多嬲怒，神緊的人多好威。從眉、眼、鼻、嘴、耳、額等形態，看出品性優劣和能力取向。 ●掌紋分析：掌背露筋骨，縱然富貴亦勞碌；掌背肉厚，女享清福，男可發福。掌粗節骨，早富晚貪；掌軟肉厚，定是清閒之人。掌軟無骨，多是無依無主之人，非壽之格。從掌形、掌紋、掌背、掌心，推斷推測吉凶禍福、貴賤夭壽。 ● 創造命運：落地哭三聲，好醜命生成，命運是否不可逆轉？人是否一生都受風水支配？透過行善積德、修練氣功、積極的心態哲理，仍可自主命運，創造美滿人生！ ● 趨吉避凶教學：改名換姓、搬屋移民、重設家居佈局、擺放風水物品等，都可以為自己消災改運，聚財化煞。玄學大師教你採取主動，為自己化煞消災、祈福納吉、化危為機！",生活休閒
102,跟我學：隨手玩出神奇魔術－生活魔術速成班（1）,魔術師Judy,"把魔術化繁為簡，將表演生活化！零魔術基礎也可以隨手玩出神奇魔術！全書收錄六十多個從簡單到複雜的魔術，詳細手法流程圖與魔術破解說明。運用隨手可得的道具，加上簡單的技法，跟著做一次就能輕鬆學會變魔術！簡單易做，一學就會，現學現用！在親朋好友面前獻技，包你攞滿分！ 跟著做一次就能輕鬆學會變魔術！",生活休閒
103,鬼眼凶靈搵替身,鬼差,"陰陽眼，意即擁有能看見鬼魂的能力。原來天天見到鬼，是你想像不到的非人生活！ 香港駭人聽聞的怨魂邪靈搵替身靈異檔案，令人聞風喪膽，嚇死你無命賠！邪靈抓準機會吸食受害者的魂魄、奪取其肉身、延續邪靈的生命，令人生不如死！本書由陰陽眼者親自剖白日日見鬼的驚嚇遭遇，擔驚受怕，想起都膽戰心驚！要想盡辦法避開被靈體侵佔的災劫，簡直苦不堪言！是你想像不到的非人生活！",言情 輕小說
104,LCCI初級及中級：會計精讀必勝攻略,蘇斯杰,"LCCI初級及中級考生試前必讀搶分天書，由資深名師精心編寫，信心保證！包含LCCI Level 1及2考試課程，針對會計考生考前最後衝刺之用！附模擬試題和答案。全書以英文編寫，加上中文精闢解釋，考生更易掌握！",資訊電腦
105,香港索命猛鬼回魂夜,鬼差,"死者點解要回魂？為見至親最後一面？枉死鬼為尋兇？為復仇？或是死不瞑目，帶著極深的怨恨，堅持彌留人間，不肯投胎？ 回魂夜，陰靈現！喃嘸佬親述入行以來的親身經歷及詭異恐怖見聞！你絕不可錯過！本書更公開回魂夜當晚的種種禁忌，又親述頭七及回魂夜曾發生過的駭人故事！種種見鬼撞邪經歷令人毛骨悚然！愛挑戰自己膽量的讀者，快快買這本書啦！",言情 輕小說
106,Excel職場函數公式超活用範例辭典,超媒體編輯組,"職場必備的實用Excel函數辭典‧化繁為簡工作術！助你處理統計數據零失誤！ 無懼一大堆數字，用函數洞察數字背後真相，業績走勢、銷量變化、積效高低一目了然由淺入深圖文並用，教你數據速查、營銷分析、檢索驗證、計糧報稅，把數據化繁為簡！職場人士、學生哥必買天書，瞬間提升工作效率，變身文書王和行銷王！ Excel函數有近千個，你不用全部都懂，只學識本書的內容就夠用！ 本書作者以辦公室商業實例的形式，嚴選各個重要函數和公式的使用密技，助你把密密麻麻的數據，化成有意思的業績走勢、銷量變化、積效高低，對你撰寫業務分析和未來生意規劃時大有幫助。老闆對你與別不同的表現，更會刮目相看呢！本書是所有身處行政、人力資源、財務、銷售等職位人士必讀必學！",資訊電腦
107,終於學懂了調酒！由零開始親手調製第一杯雞尾酒！,調酒達人,"調酒初哥速學上手天書！超簡易入門，步驟詳細，即時學成！由零開始親手調製雞尾酒！全書圖文並茂、做法簡單、有齊材料份量，只要跟足份量調酒，雞尾酒D.I.Y.無難度！本書作者更貼心將酒種分門別類，讓大家在不同場合都可調配出最合適的雞尾酒！",生活休閒
108,親子魔術班：享受專屬的親子時光！,沙律姐姐,"快樂親子魔術班，教你六十多個簡單易學的魔術，一家大細齊齊玩，促進感情！本書教你利用家中隨手可得的用品，零魔術基礎也可以隨手玩出神奇魔術！每個魔術都附有詳細步驟圖片和文字說明，包你輕鬆上手，在親子時間上大顯身手！ 本書演示六十多套神奇的魔術，每套魔術都有詳細的步驟圖片、文字說明和表演小貼士。跟著做一次就能輕鬆學會變魔術！",生活休閒
109,五分鐘變成魔術師－強化你的左右腦！,魔術師Kelly,"五分鐘變成魔術師！教你六十多個易學的魔術，從魔術練習中強化左右腦，活化大腦！本書教你利用生活中的隨手可得的物品也能輕鬆變魔術！零魔術基礎也可以立即上手！每個魔術都附有詳細步驟圖片和文字說明，簡單易做，一學就會，現學現用！一家大細齊齊玩！腦筋更靈活、激發創造力！在表演過程中建立自信心！ 本書演示六十多個活化左右腦的魔術遊戲，每套魔術都有詳細的步驟圖片、文字說明和表演小貼士。跟著做一次就能輕鬆變成魔術師！",生活休閒
110,香港靈異神秘X檔案,鬼差,"小小的香港，埋藏了很多不為人知的X檔案！詭異秘聞、都市傳說等神秘絕密檔案驚世曝光！在香港土生土長的你，以為自己很熟悉香港？你以為你現時接收的資訊就是事實的全部？ 有些神祕現象連科學也無法解釋……本書為你揭開多個香港神秘絕密X檔案！本書即將扭轉你對香港的觀念，由香港如何得名、香港地獄之門、李氏力場、魔警徐步高殺警真相，到香港人魚傳說……讓你重新認識香港！",言情 輕小說
111,星座解密：十二星座職場智慧攻略,星座公主,"十二個星座，十二種獨特氣質；十二種不同的人生軌跡。 超實用及簡明的十二星座解讀天書！透過星座解密更了解自己個性及優劣，從而戰勝職場！本書分析星座的性格特點和工作模式。妙用星座的特性，全方位透視人性讀心術，讓你職場受人愛戴！掌握這本人生攻略，全面了解星座性格及命運密碼，做出更有利於自己的決定！你了解自己嗎？你對未來感到迷茫嗎？翻開此書，找出你的人生答案。",生活休閒
112,香港撞邪職業絕命屍殺實錄,鬼差,"踏入5G的新時代，某些職業仍然要遵守忌諱傳統，不要唔信邪，若犯了行規忌諱，不但會招來惡運，嚴重者更會招魂入舍，凶靈患疾纏身！本書收集了醫生、護士、警察、仵作、問米婆、執骨師傅、死人化妝師、司機、演員等行業禁忌，將犯禁的撞邪個案一一呈現你面前。 大恐怖！嚇死你！尋訪各行各業忌諱傳統和絕命禁忌、犯禁者凶靈患疾纏身的撞邪故事揭開仵作、問米婆、執骨師傅、死人化妝師、消防員、演員、醫生、護士不為人知的一面解秘行業不能踩的地雷，過來人爆料：真的不能不信邪！",言情 輕小說
113,Excel 2019職場效率達人辦公天書,超媒體編輯組,"打工仔想分析公司產品零售現況，推高個人營銷業績？中小企老闆想分析銷售數據，為品牌定位和制定策略？想客觀評估員工積效，找出表現優秀及有待改進的員工？本書以新版Excel試算表做示範，引用大量商用例子，Step by Step助你分析大數據，事業再起飛！ ●初哥必讀：從全面講解Excel介面、工具列、功能按鈕、儲存格格式功能，讓你全面掌握Excel不可不知的基本功能，輸入數據時更得心應手！ ●應用實戰：善用3D立體模型 + SmartArt超強功能+修圖利器，助你打造圖文並茂的Excel報表！另外，把Excel變身圖表王及修圖王，各款數據精確的漂亮圖表自動生成！接著，活用雲端功能，Excel檔案分享Everywhere！ ● 進階必學：善用Excel統計、篩選、比較、排序，妥善處理日常數據、商業記帳、資料分析工作。另外，善用資料驗證功能，為人手輸入格式設限，免出錯。還有樞紐分析表詳細教學，機械人把複雜數據化繁為簡，自動將數據轉化為有系統的分析報告。 以後要分析公司數據，不用假手於人，你自己都辦得到！",資訊電腦
114,星座解密：十二星座愛情生活小確幸,星座公主,"你寂寞嗎？很想脫單吧！十二星座幸福物語幫到你！火速攻陷心儀對象的心，助你取得戀愛勝利。本書教你徹底看穿星座戀愛性格！絕佳Ｖ.Ｓ絕差的戀愛星座組合解析，讓你愛情路上一擊即中！教你制定專屬戀愛作戰計畫！掌握各星座男女的個性特質，摸清對方的心理，做好求愛攻防策略！ 最實用的星座工具書！透過星座解密更了解愛情，創造你的小確幸愛情！",生活休閒
115,超活用Office Word+Excel省時秘技懶人包,超媒體編輯組,"新版Word和Excel的功能已200%大爆升！但很多打工作或中小企老闆仍然不知道，仍然每天痛苦地人手處理文書工作！這本必學攻略一本就夠，針對在職人士、學生哥的工作需要，秒殺無謂的文書難題。 作者傳授Excel+Word鮮為人知的快速操作技，過百招全面提昇工作效率，省時兼令你早下班！Excel+Word不再是打字入數咁簡單，是一站式排版、執相、修圖、做圖表、數據分析、雲端分享。以Office 365操作介面示範，以實用的生活與職場案例圖文輕鬆解說，照做就得！",資訊電腦
116,香港猛鬼歷史字典,鬼差,"香港自開埠以來近200年歷史裡發生過各式各樣的靈異傳聞、恐怖故事。你知道幾多，又經歷過幾多？本書將一一為你揭曉各種神秘靈異事件…… 香港惡靈、魑魅魍魎皆陣列在前！百多篇撞鬼實錄收錄香港開埠以來靈異怪談傳記在凶宅、校園、車輛上撞鬼的人無數，因碟仙、降頭、鬼仔而撞邪的苦主更多全面網羅天下惡鬼大字典，分成9個章節，恐怖感層層升級，包你越驚越想睇！ 1.慘案凶宅篇2. 猛鬼交通篇3. 陰邪地點傳聞4. 藝人撞鬼篇5. 凶煞校園篇6. 恐怖禁忌篇7. 碟仙邪靈篇8. 凶殘鬼仔篇9. 驅魔實錄篇 你鍾意睇鬼故？這一本收錄了160篇鬼故全集的猛鬼寶鑑，絕對可滿足你的變態慾望！",言情 輕小說
117,跟我學：Word 2019職場文書實戰教程,超媒體編輯組,"Microsoft Word全面掌握很Easy！排版書刊、執相修圖、版面美化、圖表分析一站式辦妥本書精選超過70個職場達人必學的高效率文書工作秘訣，全面玩轉Word實用技巧Word已脫胎換骨，不再是打字咁簡單，教你打造高水準圖表＋聲畫俱備的吸睛文件 本書從以下三方面，圖文並茂展示Microsoft Word「脫胎換骨」的新面貌： 1. 排版：教你Word多種排版功能，輕鬆製作製作一本書。2. 設計：製作及設計出高水準圖文並茂、表格多樣的亮麗文件！3. 修圖：變身圖像修圖軟體，Word都可以褪地、剪裁、加相框。",資訊電腦
118,PowerPoint職場實用美感精彩簡報設計天書,超媒體編輯組,"PowerPoint全方位職場實用攻略，超實用簡報製作快速上手，從零開始打造精準說服力簡報！即學即用！專業簡報極速上手，從入門到專業，輕易製作實用吸睛的出色簡報！達人教你由資料整理、美化簡報及實務常見範例等大量秘技，立即強化你的簡報能力！ 強化你的簡報能力，提昇職場競爭力！ 達人匯聚大量秘技，教你打造醒神吸睛、具精準說服力的的必勝簡報，聲畫俱備，公開演說或放上社交平台做宣傳，都無懈可擊！",資訊電腦
119,LINE Bot by Python 全攻略：從Heroku到AWS跨平台實踐（iT邦幫忙鐵人賽系列書）,饒孟桓,一書搞定：從初始化 LINE 聊天機器人到發送華麗的 FlexMessage！從 Heroku 跨足到輕量簡潔的 AWS Lambda！●深入淺出的教學，完全了解LINE聊天機器人的運作原理。●生動有趣的範例，完全活用LINE聊天機器人的各式功能。●勤勞樸實的開銷，完全探索LINE聊天機器人的免費資源。本書改編自第11屆iT邦幫忙鐵人賽 Modern Web 組優選網路系列文章---《從LINE BOT到資料視覺化：賴田捕手》，介紹如何以 Python 來撰寫 LINE 聊天機器人。從註冊帳號、初始化 LINE 聊天機器人開始，一步步理解 LINE 聊天機器人的運作方式，探索官方提供的各種功能以建構各式有趣的應用，並且比較在 Heroku/AWS 上佈署 LINE 聊天機器人的不同手段。在工作場合，居家生活，人手一 LINE 的情況下，學習開發LINE聊天機器人成了一件增進工作效率、有益身心健康的嗜好。一個 LINE 聊天機器人可以幫我們查找資料，儲存訊息，定時呼叫，事件觸發。可謂所有的服務都有機會透過 LINE 聊天機器人來幫我們實現。本書旨在介紹 LINE 聊天機器人提供的各種功能，以及透過 Heroku/AWS 兩種不同平台開發 LINE 聊天機器人的方式。,資訊電腦
120,視覺化社群行銷與SEO超級淘金術：使用Instagram與YouTube,鄭苑鳳 著、ZCT 策劃,超視覺行銷！掌握視覺吸睛祕訣與行銷技巧，經營社群高手非你莫屬！✽內容易懂、易學、又易上手，輕鬆掌握IG+YouTube社群。✽YouTube樂活影音入門集客心法，讓你享用影片、上傳、管理影片不發愁。✽教你如何使用視訊剪輯軟體製作微電影，片頭製作、旁白、配樂、輸出、上傳輕鬆搞定。✽輕鬆在YouTube社群建置品牌頻道，學會美妝頻道外觀和管理你的頻道。✽學會直播的各種方式，同時解析頻道各項數據所代表的意義。✽超強的集客行銷術，以低行銷成本，進行社群的交叉行銷。✽功能詳實解說，降低學習障礙，攝錄影、濾鏡、編修…等一應俱全，讓圖片觸及率翻倍成長，視覺吸睛不求人。本書將Instagram、YouTube必備的行銷術分成十個章節來介紹，讓各位一手掌握社群口碑，以小博大，以最小的成本創造出最大的利潤。各章重點簡要說明如下：★社群與視覺行銷的贏家關鍵攻略：我的社群網路服務(SNS)、社群行銷特性與視覺化思維。☆打造集客瘋潮的IG超視覺行銷：IG的安裝與登入、個人檔案、攬客步驟、IG操作功能、IG搜尋的小心思。★零秒爆量成交的 IG PO文秘訣：貼文撰寫的小心思、貼文的變身技、摯友名單編輯與分享。☆買氣搶搶滾的IG拍照與行銷御用工作術：相機功能體驗、修圖技法、影片拍攝密技、攝錄吸睛技巧、構圖思維、組合相片功能、圖像包裝術、IGTV行銷。★主題標籤與限時動態強效聚粉錦囊：標籤行銷課程、限時動態工作術。☆YouTube樂活影音入門集客心法：影片歡樂享用、建立我的頻道。★微電影製作與品牌行銷高手必讀：微電影製作私房秘技、視訊影片編修、片頭頁面設計、旁白與配樂、輸出與上傳影片。☆讓粉絲拼命掏錢地的YouTuber網紅工作術：建置品牌頻道、輕鬆切換帳戶、美化頻道外觀、頻道管理、活用結束畫面/資訊卡。★流量變現金的YouTube直播攻心術：YouTube直播超夯搶錢心法、頻道數據分析。☆觸及率翻倍的社群交叉行銷與SEO爆紅密笈：社群整合行銷最強攻略、IG與FB雙倍行銷、YouTube影片分享魔術、流量換現金的SEO與社群行銷、Instagram不能說的SEO秘密、YouTube SEO 私房銷售神技。,資訊電腦
121,PhotoShop影像處理設計,鄭苑鳳 著、ZCT 策劃,★初學者能夠輕鬆學會影像編修技巧★精選14個範例循序漸進讓你簡單操作★詳盡的步驟圖文解說內容快速上手【本書特色】擁有本書是你學習Photoshop最佳的夥伴，它能夠直接且隨時在你左右，陪你學習及給你解答，讓你擁有紮實的根基。學習本書讓Photoshop成為你的最愛，無論是圖層的使用、色版的設定、向量圖形的繪製，這些功能都難不倒你。,資訊電腦
122,Illustrator向量圖形設計,鄭苑鳳 著、ZCT 策劃,★初學者能夠輕鬆學會向量式繪圖技巧★精選15個範例循序漸進讓你簡單操作★詳盡的步驟圖文解說內容快速上手★每章末課後習題快速驗收學習成果【本書特色】本書給提供初學者一個輕鬆學習環境，在內容的介紹，採取循序漸進的方式，將Illustrator常用的功能或好用的技巧作有系統的介紹，讓初學者可以在短時間內吸收到軟體的精華。也規劃了實作應用，讓學習者可以將學習到的技巧進行完整的演練，不但方便教師課堂上的教學，也可以啟發自學者的想像空間。,資訊電腦
123,C#程式設計從入門到專業（上）：完全剖析C#技術實務,彭建文,以學習者視角出發所撰寫的完全自學教材 　　Visual Studio 2017/2019以上版本適用　　百分百可以完全自學的C#教材　　按照「認識」、「學會」、「應用」、「求職」四階段編撰之C#學習教材　　精心設計之學習範例：生活經驗、實用化之範例　　引導學習歷程：實戰範例→原理講解→參考資料→重點整理→分析與討論　　所有範例、練習、習題皆為實戰題目，可以直接應用於職場、工作與專題製作 　　作者將C#程式設計的實務知識分為「基礎篇」、「進階篇」、「深入篇」等三個層級，本書內容精心規劃了十個章節及五個附錄，主要教導Windows Form應用程式、判斷與選擇、重複敘述、變數範圍、常用類別、陣列、常用控制項等基礎概念，以及自訂函式、列舉與結構、檔案處理等進階概念。除了可讓初學者快速入門C#程式設計，再搭配本書的精選範例以及清楚詳盡的步驟說明，將可逐步讓你邁向C#程式設計專業之路。 　　【讀完本書，您將學會】　　認識與了解程式設計的邏輯思維　　撰寫簡單C#程式　　能使用C#自行完成課業習題與日常生活小程式　　獨立完成專題　　具備求職之C#基本能力 本書特色 　　一本書=自學+教學+參考資料（省去上網找不到資料的困難與大量時間）　　疊加式之內容設計，可依據個人的需求與時間多寡學習不同難度的範例　　每個範例皆為業界實戰經驗所簡化之學習範例　　全書以範例導引C#學習歷程　　範例程式講解詳細，非常適合自學與課後自我練習,資訊電腦
124,C#程式設計從入門到專業（下）：職場C#進階應用技術,彭建文,全面提升C#程式力開發的首選之作Visual Studio 2017/2019以上版本適用百分百可以完全自學的C#教材按照「認識」、「學會」、「應用」、「求職」四階段編撰之C#學習教材精心設計之學習範例：生活經驗、實用化之範例引導學習歷程：實戰範例→原理講解→參考資料→重點整理→分析與討論所有範例、練習、習題皆為實戰題目，可以直接應用於職場、工作與專題製作作者將C#程式設計的實務知識分為「基礎篇」、「進階篇」、「深入篇」等三個層級，本書內容精心規劃了七個章節及五個附錄，主要教導影音播放、繪圖、多表單視窗程式、類別與物件、委派與索引子、泛型集合類別、執行緒等深入概念。除了可讓讀者更深入學習C#程式設計，再搭配本書的精選範例以及清楚詳盡的步驟說明，將可逐步讓你邁向C#程式設計專業之路，並增加C#程式設計的實務經驗。【本書特色】一本書=自學+教學+參考資料（省去上網找不到資料的困難與大量時間）疊加式之內容設計，可依據個人的需求與時間多寡學習不同難度的範例每個範例皆為業界實戰經驗所簡化之學習範例全書以範例導引C#學習歷程範例程式講解詳細，非常適合自學與課後自我練習【讀完本書，您將學會】具備物件導向程式設計能力具備開發C#影像與多媒體之能力能撰寫大型C#程式與他人共同協作C#專案獨立完成複雜之專題具備求職之C#專業能力,資訊電腦
125,Python全面攻略：從程式新人到開發設計的快速學習,資訊種子研究室,編寫本書的主要目的是為了讓初學者快速進入Python式設計的殿堂，透過書中精挑細選的範例程式學習程式設計技巧，養成初學者具有紮實和獨立程式設計能力，訓練初學者使用Python開發視窗程式、檔案存取、視覺化圖表、多媒體與OpenCV、資料庫存取、網路爬蟲、JSON存取以及AI電腦視覺辨識，本書內容由淺入深涵蓋如下：▌Python基礎程式設計介紹程式設計基本流程、串列、元組、字典、集合、函式，培養初學者基本電腦素養和程式設計能力。▌視窗應用程式完整介紹表單和常用與進階控制項的屬性、方法、事件處理以及視窗與各類型的控制項應用，使初學者具有開發視窗應用程式的能力。▌檔案存取、圖表與多媒體設計介紹資料視覺化圖表設計、多媒體與OpenCV程式設計、檔案存取，以便撰寫出存取檔案與簡單的多媒體應用程式，如目錄操作、文字檔的存取、播放聲音、播放影片以及其他媒體檔之技巧。▌資料庫程式設計介紹SQLite資料庫與資料表的建立，資料表記錄存取，以及不同資料表的關聯查詢。▌網路爬蟲與開放資料介紹如何進行網頁爬蟲取得網頁資料，同時介紹存取JSON資料與存取開放資料進行資料視覺化分析。▌AI電腦視覺辦識介紹使用Azure電腦視覺服務進行分析影像資訊，例如取得影像中的品牌、場域物件、成人內容、人臉(年齡與性別)等資訊。|本書特色|[觀念清晰建立] 由淺入深的圖例，輕鬆理解Python程式設計概念[步驟操作解說] 豐富的實作教學，有效精進程式開發設計技巧[範例實作引導] 視窗、圖表、檔案資料庫、爬蟲、AI影像辨識等多元實例[自我學習驗證] 配合各章內容的各式題目，全力備援學習成果,資訊電腦
126,PHP網路爬蟲開發：入門到進階的爬蟲技術指南（iT邦幫忙鐵人賽系列書）,李昀陞,"第一本以PHP網路爬蟲開發技術為主的台灣本土專書！ 　　◆提供客製化虛擬機器環境輕鬆地進行案例演練　　◆透過大量案例研究以增進爬蟲開發技巧　　◆介紹不同爬蟲套件以因應複雜多變的網站 　　本書內容改編自第11屆iT邦幫忙鐵人賽，Modern Web組佳作網路系列文章：《寫給PHP開發者的30堂網路爬蟲開發》，除了這是以PHP開發者角度為出發的爬蟲技術文章外，也是一本專屬台灣本土的PHP網路爬蟲開發書籍。PHP是廣泛的應用在市面上開發網頁後端與網路服務的程式語言，本書旨在介紹PHP這門程式語言應用於網路爬蟲開發的技巧與實做。 　　精彩教學　　☑你將會學到網路爬蟲開發思路　　◆透過精闢的思路分析讓網站行為無所遁形！　　◆透過精彩的案例研究，一步一步增進爬蟲開發技巧。 　　☑你將會學到各式PHP套件　　◆guzzlehttp/guzzle　　◆symfony/dom-crawler　　◆symfony/css-selector　　◆chrome-php/chrome　　◆nesk/puphpeteer　　　　☑你將會學到進階爬蟲技術　　◆PHP與Tesseract找出驗證碼答案。　　◆PHP與Headless Chrome解析複雜的網站。　　◆PHP與Puppeteer操作Headless Chrome。 　　【下載範例程式檔案】　　本書的程式碼是由GitHub託管，可點選下面圖案前往下載：　　github.com/peter279k/php_crawler_lab　　請參考附錄安裝VirtualBox以建置適合運行的環境。 好評推薦 　　很高興 Peter 終於在一片 Python 爬蟲聲中走出一條新路，用 PHP 證明寫爬蟲不是 Python 的專利。書中從 HTTP 基本知識、開發環境建置到爬蟲實務技巧皆有深入淺出的介紹，並透過六個實戰案例，帶著讀者循序漸進地進入爬蟲技術領域。透過 Peter 完整的介紹，初學爬蟲者也能快速上手，輕鬆成為資料擷取達人。—— Laravel 道場、Laravel 台灣社群創始人，JetBrains 技術傳教士　范聖佑",資訊電腦
127,重新認識Vue.js：008天絕對看不完的Vue.js 3指南,許國政（Kuro）,從零開始！快速上手！網羅完整Vue.js功能的實戰指南Vue.js不斷地成長，從早期只被定位在JavaScript的UI工具庫，到如今已經是個成熟且功能強大的漸進式框架。Vue.js 3底層核心由TypeScript所改寫，不僅效能更快、檔案更小，更重要的是仍然可以使用我們所熟悉的JavaScript來進行開發。它的特性是短時間內可以快速上手，並且擁有豐富的開發生態環境系統以及蓬勃發展的社群。作者將多年來在Vue.js的開發與教學心得記錄下來，除了比較Vue.js 2與新推出Vue.js 3版本的差異之外，也希望有助於讀者在學習、體驗Vue.js這套前端框架的時候，能夠少走許多岔路，領略現代前端開發的世界。【本書精彩內容】◎從零開始介紹Vue.js的起源、基礎知識、指令、事件與生命週期等核心內容，帶領讀者快速入門。◎元件系統是Vue.js的另一個核心特性，說明為什麼要使用元件、有什麼好處，以及說明元件系統開發時會遇到的問題。◎介紹Vue的開發生態圈，並結合CLI/Webpack等相關工具，來為Vue.js從無到有進行專案建置、最佳化、打包部署等功能。◎作為Vue.js開發生態圈的一環，Vue Router提供開發者透過前端路由來建立單頁式應用程式(SPA)的可能性。◎Vue.js元件的狀態各自為政，當專案規模日漸擴大的時候，共用狀態與資料管理就顯得十分重要。◎Composition API是Vue.js 3起新增的重要特性之一，說明最新的Composition API是什麼、如何使用、它解決了什麼問題？為什麼要使用它？以及在實際開發時，使用Composition API需要注意的各種細節。,資訊電腦
128,全民緋聞：大明星的保姆(上),張公子,“叔叔，我想把我媽咪賣給你”“好，多少錢？”某萌娃掰了掰自己的小手指，一臉天真的說“五毛！”樂水從沒想過有一天自己會被兩個男人拐賣了，而且還是以五毛的價格。明明她想做的就是遠離他！可是怎麼一轉眼她就在給他生猴子......“我要抗議！”“抗議無效！”,言情 輕小說
129,全民緋聞：大明星的保姆(中),張公子,“叔叔，我想把我媽咪賣給你”“好，多少錢？”某萌娃掰了掰自己的小手指，一臉天真的說“五毛！”樂水從沒想過有一天自己會被兩個男人拐賣了，而且還是以五毛的價格。明明她想做的就是遠離他！可是怎麼一轉眼她就在給他生猴子......“我要抗議！”“抗議無效！”,言情 輕小說
130,全民緋聞：大明星的保姆(下),張公子,“叔叔，我想把我媽咪賣給你”“好，多少錢？”某萌娃掰了掰自己的小手指，一臉天真的說“五毛！”樂水從沒想過有一天自己會被兩個男人拐賣了，而且還是以五毛的價格。明明她想做的就是遠離他！可是怎麼一轉眼她就在給他生猴子......“我要抗議！”“抗議無效！”,言情 輕小說
131,全民緋聞：大明星的保姆(全),張公子,“叔叔，我想把我媽咪賣給你”“好，多少錢？”某萌娃掰了掰自己的小手指，一臉天真的說“五毛！”樂水從沒想過有一天自己會被兩個男人拐賣了，而且還是以五毛的價格。明明她想做的就是遠離他！可是怎麼一轉眼她就在給他生猴子......“我要抗議！”“抗議無效！”,言情 輕小說
132,重生之鳳還朝(上),雨諾,上一世是她負了他，重生一世，她定要拼盡全力護他周全。她不再是南越靈羽郡主，她只是天聖塵王妃，是要陪他一起君臨天下的妻子。只要他能好好活著，陰險、狠毒、算計，哪怕手染鮮血她也在所不惜……,言情 輕小說
133,重生之鳳還朝(中),雨諾,上一世是她負了他，重生一世，她定要拼盡全力護他周全。她不再是南越靈羽郡主，她只是天聖塵王妃，是要陪他一起君臨天下的妻子。只要他能好好活著，陰險、狠毒、算計，哪怕手染鮮血她也在所不惜……,言情 輕小說
134,重生之鳳還朝(下),雨諾,上一世是她負了他，重生一世，她定要拼盡全力護他周全。她不再是南越靈羽郡主，她只是天聖塵王妃，是要陪他一起君臨天下的妻子。只要他能好好活著，陰險、狠毒、算計，哪怕手染鮮血她也在所不惜……,言情 輕小說
135,重生之鳳還朝(全),雨諾,上一世是她負了他，重生一世，她定要拼盡全力護他周全。她不再是南越靈羽郡主，她只是天聖塵王妃，是要陪他一起君臨天下的妻子。只要他能好好活著，陰險、狠毒、算計，哪怕手染鮮血她也在所不惜……,言情 輕小說
136,俊俏妃惹王囚愛(上),洛一,意外重生，她為別人而活，人稱相貌醜陋，性格無能的洛府嫡小姐洛兮，只因為意外撞了他卻被賣入青樓，再次相遇。她是君王謀臣，為了家族榮辱，她女扮男裝入朝為官，他一紙詔書，她入宮為妃……再相見，她是傾國傾城的容顏，舉世名醫，龍玹騰將當初的悔恨化作一腔執著相隨，“你生是朕的人，死是朕的死人，此生絕不會再放過…”一面謀臣一面妃，君王不懂情和愛，奈何情癡……,言情 輕小說
137,俊俏妃惹王囚愛(中),洛一,意外重生，她為別人而活，人稱相貌醜陋，性格無能的洛府嫡小姐洛兮，只因為意外撞了他卻被賣入青樓，再次相遇。她是君王謀臣，為了家族榮辱，她女扮男裝入朝為官，他一紙詔書，她入宮為妃……再相見，她是傾國傾城的容顏，舉世名醫，龍玹騰將當初的悔恨化作一腔執著相隨，“你生是朕的人，死是朕的死人，此生絕不會再放過…”一面謀臣一面妃，君王不懂情和愛，奈何情癡……,言情 輕小說
138,俊俏妃惹王囚愛(下),洛一,意外重生，她為別人而活，人稱相貌醜陋，性格無能的洛府嫡小姐洛兮，只因為意外撞了他卻被賣入青樓，再次相遇。她是君王謀臣，為了家族榮辱，她女扮男裝入朝為官，他一紙詔書，她入宮為妃……再相見，她是傾國傾城的容顏，舉世名醫，龍玹騰將當初的悔恨化作一腔執著相隨，“你生是朕的人，死是朕的死人，此生絕不會再放過…”一面謀臣一面妃，君王不懂情和愛，奈何情癡……,言情 輕小說
139,俊俏妃惹王囚愛(全),洛一,意外重生，她為別人而活，人稱相貌醜陋，性格無能的洛府嫡小姐洛兮，只因為意外撞了他卻被賣入青樓，再次相遇。她是君王謀臣，為了家族榮辱，她女扮男裝入朝為官，他一紙詔書，她入宮為妃……再相見，她是傾國傾城的容顏，舉世名醫，龍玹騰將當初的悔恨化作一腔執著相隨，“你生是朕的人，死是朕的死人，此生絕不會再放過…”一面謀臣一面妃，君王不懂情和愛，奈何情癡……,言情 輕小說
140,女帝傳奇：鳳在九天之外(上),襲爾,她頂著女帝之女之名，號令天下，纖纖弱女傾城絕色，滿腹詭計，江湖第一高手冥王以命相互，一國之君為她交付江山，她想十七年的苟且偷生，足以。,言情 輕小說
141,女帝傳奇：鳳在九天之外(下),襲爾,她頂著女帝之女之名，號令天下，纖纖弱女傾城絕色，滿腹詭計，江湖第一高手冥王以命相互，一國之君為她交付江山，她想十七年的苟且偷生，足以。,言情 輕小說
142,女帝傳奇：鳳在九天之外(全),襲爾,她頂著女帝之女之名，號令天下，纖纖弱女傾城絕色，滿腹詭計，江湖第一高手冥王以命相互，一國之君為她交付江山，她想十七年的苟且偷生，足以。,言情 輕小說
143,權謀天下之為後(上),非瑜,一朝重生，她棄了榮華與富貴，生來呆滯，她被親生父親視為災星，母親早亡，她只待笈䈂之年便可踏出家族的牢籠，怎奈姊妹橫刀奪愛，斷了她命中良人，巇險之世，步步驚心，究竟她該何去何從....“如果命運，從不曾淡薄，我又何來醜戲一生。”,言情 輕小說
144,權謀天下之為後(下),非瑜,一朝重生，她棄了榮華與富貴，生來呆滯，她被親生父親視為災星，母親早亡，她只待笈䈂之年便可踏出家族的牢籠，怎奈姊妹橫刀奪愛，斷了她命中良人，巇險之世，步步驚心，究竟她該何去何從....“如果命運，從不曾淡薄，我又何來醜戲一生。”,言情 輕小說
145,權謀天下之為後(全),非瑜,一朝重生，她棄了榮華與富貴，生來呆滯，她被親生父親視為災星，母親早亡，她只待笈䈂之年便可踏出家族的牢籠，怎奈姊妹橫刀奪愛，斷了她命中良人，巇險之世，步步驚心，究竟她該何去何從....“如果命運，從不曾淡薄，我又何來醜戲一生。”,言情 輕小說
146,替嫁嬌妻：霸道總裁寵上天(上),西城的西,為家族企業，她替妹妹嫁給一個殘廢，婚後竟發現……,言情 輕小說
147,替嫁嬌妻：霸道總裁寵上天(下),西城的西,為家族企業，她替妹妹嫁給一個殘廢，婚後竟發現……,言情 輕小說
148,替嫁嬌妻：霸道總裁寵上天(全),西城的西,為家族企業，她替妹妹嫁給一個殘廢，婚後竟發現……,言情 輕小說
149,豪門棄婦：請再愛我一次(上),紫玫瑰,“你害死了我最愛的女人，還想取代她的位置？”男人咬牙切齒地怒吼！林佩佩被母親設計，不得不嫁給這個男人，可他一邊恨她，折磨她，一邊又關心她，忽冷忽熱讓她身陷情網不能自拔！而這時那個死去的女人竟忽然出現，還懷上了他的孩子！？,言情 輕小說
150,豪門棄婦：請再愛我一次(下),紫玫瑰,“你害死了我最愛的女人，還想取代她的位置？”男人咬牙切齒地怒吼！林佩佩被母親設計，不得不嫁給這個男人，可他一邊恨她，折磨她，一邊又關心她，忽冷忽熱讓她身陷情網不能自拔！而這時那個死去的女人竟忽然出現，還懷上了他的孩子！？,言情 輕小說
151,豪門棄婦：請再愛我一次(全),紫玫瑰,“你害死了我最愛的女人，還想取代她的位置？”男人咬牙切齒地怒吼！林佩佩被母親設計，不得不嫁給這個男人，可他一邊恨她，折磨她，一邊又關心她，忽冷忽熱讓她身陷情網不能自拔！而這時那個死去的女人竟忽然出現，還懷上了他的孩子！？,言情 輕小說
152,盛世凝云（一）,漪微,得寵，需要取悅皇上一個人，而想要活下去，可是要看鬥不鬥得過六宮中的每一個女人。路凝云，相府千金出身，從十四歲進宮之後就受到皇帝龍胤的寵信，沒幾年就被冊封為位次極高的昭容。她除了相貌傾國傾城，還心思縝密、冰雪聰明，才能在善妒的皇后手底下生存，在複雜的六宮中享盡榮寵。對龍胤這個天子丈夫，凝云以為自己是只有敬佩之情，再無其他；卻在某一天，知曉了他心裡最深的痛處之後，她才恍然，原來自己早在日夜相伴中，愛上了這位夫君──儘管他妻妾無數，儘管他心中已有了別人，她仍是愛上了他。此時，四個性格迥異的花樣女子走入了宮闈。凝云一方面要維持自己在皇帝心目中的地位，一方面要打探這些「新歡」的底細。而當這四個女子各自背後的祕密接踵而至，後宮妃嬪間的爭寵鬥豔愈發激烈，甚至將情勢引向了出人意料的方向……,言情 輕小說
153,盛世凝云（二）,漪微,宮鬥或許凶險，卻從不如戰場上刀光劍影，血流成河般的光明正大。在後宮這個脂粉和美貌統治的地方，一蹙眉，一啟唇，依依裙襬的一揚，纖纖玉指的一點，人命便在轉眼之中灰飛煙滅，乾淨的不剩一絲痕跡……凝云身為後宮中最得寵的妃嬪，不管明的暗的，遭受的設計與陷害絕不會少。因著重重誤會，龍胤轉開了曾經對她溫柔凝視的雙眸，冷漠相待。凝云很清楚，這一切誤解都是佳貴嬪一手編織、是皇后在落井下石，可她心中最怨、最恨的，還是這一切的始作俑者──那個坐擁天下、享盡溫柔的男人。那個男人，曾經那樣深情地凝視著她、擁抱著她，卻也曾經為了蘭才人而誤解她，為了佳貴嬪而惱火她。還有懷欣皇后，他想之而不可得，永遠放在心裡的女子……　原來在他心中，她是比不上她們任何一個的。　　長久以來，她不知道自己作著一個夢，也從未傷心過。然而當這個夢忽然變成了噩夢，她才痛苦地意識到，她是一直夢著的。四年的時間已經夠久了，美夢也好，噩夢也罷，她都不要再繼續下去了。六宮外的天空是如此寬廣，這一刻，她嚮往著自由……,言情 輕小說
154,盛世凝云（三）,漪微,他的愛，卻總是帶來她的痛。　 究竟是為什麼呢？彼此心中分明是愛，為什麼終究是互相傷害？ 凝云和皇帝龍胤嘔氣離宮出走，來到了風景秀麗的蘇州，見識了設計巧妙的眾生殿，遇見了情意萬千、丰采出色的成旭淵，可那些離宮之時鐵了心要放下的事，仍是日日念著；而那發了誓不想的人，仍是日日地想著。 終於，她盼了日日夜夜的那個男人真的來了，拋下他的社稷江山，只為尋她而來。 他對她，是有愛的。然而，他的愛已是全部了嗎？他對懷欣皇后的思念仍在臉上、在心裡，她如何能釋懷？　 可她，就算不能釋懷，對他的愛，從不曾稍減半分。　 只是，朝廷中、六宮中，豈會有一天安寧之日？如此多的戾氣和陰暗，並不是真情可以生存的地方。她怕無論自己再如何堅強，仍抵不過身為後妃的宿命。 更何況，她和成旭淵還有那「一生一世」之約。既然這是她自己選擇的路，便只能無悔地走下去，心中願著一個好的結局……,言情 輕小說
155,盛世凝云（四）,漪微,凝云跟著龍胤回到了宮中，要面臨的，卻是愈發詭譎的後宮情勢。　 在蘇州時，她是龍胤的唯一；可回到宮中，她只是百計爭寵的一個尋常妃子而已。 後宮之中，每每是無風便可起浪的，何況如今有人存心要掀翻一切。　 一夕之間，後宮之中，風雲突變。珍兒重生舊病，凝云則遭到軟禁，皇后和史佳妃下手之快、下手之凌厲，宮中已是人心惶惶。 皇后也好，史佳妃也罷，凝云向來有自信能與之分庭抗禮，甚而反將一軍；唯有珍兒，她毫無把握，因為，她看不清龍胤的心。　 為了保住自己，凝云只有將龍胤最愛的珍兒推至風口浪尖，怎知珍兒受了太大的刺激竟徹底崩潰，更遺忘了和龍胤有關的記憶。 後宮中唯一能和她爭寵的女人落得如此下場，凝云應該再無所憂慮，從此，龍胤便是她的，過去，現在，將來，都是她的。　 可是……珍兒已死過了一次，如今，難道要她再殺死她一次嗎？　 於是，凝云忍下了公主的怒罵，忍下了太皇太后毫不留情的逼迫，忍下了龍胤冷冷的責備，一切的一切，只為救珍兒，救那個從此要龍胤保護的人……,言情 輕小說
156,慾望國度,嬉春,,言情 輕小說
157,離,潘國靈,"生命中的人離離合合天堂的光瞥過，深淵的黑浸過香港小說家潘國靈跨越十年的瀝血之作以書寫所銘刻的「後」浮城記 潘國靈：在這些小說篇章累積的十餘年期間，生命中的人離離合合，天堂的光瞥過深淵的黑浸過，有人曾說我是不老的潘彼得，但我終究還是由一個朗月高歌的青年，慢慢地變成一個沉默暗啞的中年。小說寫的不是作者自己，但從小說中，或者也可觀照到一點作者生命遞變的痕跡。 《離》收入的十多篇小說，橫跨2007年至2020年，在這期間，香港社會發生許多變化，時代的氛圍、以至具體社會事件銘刻其中，從雨傘運動乃至後雨傘情狀。他人、城市、時代元素外，潘國靈也始終重視小說個人或私密性的一面，小說總是事實與虛構、個人與集體的緊密編織，游離其間，實踐創作可能，也反思存在的本相。 潘國靈的書寫面向，從奇幻、紀實、歷史、愛情……，到地方誌、荒誕、黑色幽默、哲學……等不一而足，好些篇章更有幽靈鬼魅暗晃，重象分身、剩餘物處處，與其說是時代之所然，不如說是小說家對世界的陰陽觀照，和自身靈魂深處的召喚。 「離」，既是母體也是心情，既有社會寄寓，也有情感之分崩離析，讀之令人細味，自有體會。",文學
158,光影北歐：跟著電影去旅行,黃作炎,"影癡必備的北歐旅遊指南讓歐遊達人帶你進入電影大師的視界 享譽全球的導演英格瑪柏格曼、拉斯馮提爾、洛伊安德森、他們如何在鏡頭的運轉中，呈現不一樣的北歐？擅長在旅行導讀中代入電影的黃作炎，以他的生花妙筆帶領我們進入北歐導演的視界，巡禮北歐的景觀、感受人文氣息，讓讀者不用出門也能沉浸在北國的藝術氛圍裡。 人口兩千七百萬的北歐並不算大，卻是世界公認最發達的地區。享譽世界的導演英格瑪柏格曼、鬼才拉斯馮提爾、怪才洛伊安德森，皆是出自北歐。在這些導演的鏡頭下，觀眾也得以認識到北歐社會的複雜性與不完美，而不只是先進美好的那一面。 本書也深度剖析赫爾辛基、哥本哈根、奧斯陸、斯德哥爾摩各大城市，著重文化廣度與歷史深度。網羅北歐各國的美食、住宿、交通、流行娛樂，將世界級自然美景與古城遺跡盡收眼底。 好評推薦 《光影北歐》帶著觀眾去到這個電影藝術發生的源頭，看到極光、看到教堂、看到冰天雪地的曠野……看到人們失常的精神狀態、看到萬物在叢林中的吶喊，也看到隨著時間的變遷帶來對生命的讚頌，不同的導演為他成長及孕育藝術生命的環境。──黃玉珊（玄奘大學傳播學院院長） 「僅僅活著是不夠的，生活需要想像，還有用筆寫出我生活沒有的事。」我相當喜歡安徒生說的這句話……一如作炎的人生，電影旅行，精采而幸福。──李三財（就諦學堂創辦人） 這本書結合了旅遊和電影文字，從丹麥的歷史地景敘述開始，彷彿一系列漂亮的風景明信片，然後，漸漸地進入北歐電影的世界。──但唐謨（知名影評人）",文學
159,科學大師的失誤：璀璨成就背後的真實人生,楊建鄴,牽動人類文明進程的科學大師們──歐拉、高斯、波耳、霍金、愛因斯坦、海森堡、玻恩、包立、哈恩、哈伯、居禮、錢德拉賽卡、費米……他們曾經犯下什麼樣的錯誤？ 是誰發明了COVID-19肺炎病毒的PCR檢測技術？三個諾貝爾得獎者與一場離奇官司！ 愛因斯坦與霍金，也會犯錯？ 製造毒氣，導致百萬人死亡的戰犯，卻得到了諾貝爾獎？ 今日的大師，明日的失敗者？科學，是一場不斷推翻前人與自己的循環賽？科學家生平│理論與知識│科學史脈絡│科學與人性數學、物理、化學、生物、量子力學、遺傳、天文！跨領域的豐富知識！璀璨成就背後的真實人生科學大師們的才華，推動了人類文明的進程，而科學成就的背後，卻充滿了無數次的失敗與挫折，一次次的失誤，最終拓展了知識的疆界，突破了無知的限制。本書以傳記式的筆法，介紹數十位科學家的生平故事、科學研究歷程以及跨領域的豐富知識，並詳述過程中的失誤原委。然而科學結晶的背後，不僅與學術有關、與文明有關，更隱藏了財富與權利、道德與名譽的糾葛；他們的成與敗，改寫了歷史，牽動了人類整體的命運。上帝不僅在擲骰子，有時還將骰子扔到了找不到的地方。──霍金,自然科普
160,失去心跳的勇氣,黃健予,死亡的告別不容易，但其實「認真活著」，又何嘗不是充滿勇氣的一種選擇！   心臟受贈者黃健予幾年前就簽下器官捐贈同意書，簽署的當下是熱血熱心，但怎麼也沒想到自己還沒機會成為捐贈者，就先成為受贈者。2016年，才剛做完健檢的他，除了三酸甘油脂較高外，其餘的數值都算正常，沒想到就在兩個月後，沒有任何警訊下突然倒地不醒人事，原來是冠狀動脈硬化，引起急性心肌梗塞併發休克，在葉克膜維生的倒數時刻，獲得了器捐者的心臟，讓他重獲新生。生命的轉折點，就在一場意外之後，接受心臟移植手術後的黃健予，真的體會到逆轉人生要在轉折點，在心臟移植後，彷彿開始一段不同的人生，於是用屬於自己的視角，真實地寫下一路走來的過程，人生哪有什麼永遠的勝利組，真實的面對自己也許才是突破輝格史觀的法門。真心推薦2016年隨著毛哥從心肌梗塞、接受手術、使用葉克膜、等候移植......，到奇蹟似地得到捐贈的過程，當年一次次的深刻與切切感動，於心中一再被翻攪重溫。                                                   ──張嘉芳  樂山教養院院長兄弟，為你活下去，這話並不肉麻。不相識，卻交了心。非親非手足，卻成肺腑。                              ──黃龍杰  台北市臨床心理師公會理事、臨床心理師   這是一本可以救活一萬人的好書！一本令人心馳神迷的好看的書，邀請您翻閱每個嘔心瀝血的章節，也期待書中每個字，因為你的動心起念，轉世為台灣明日的心跳聲！                                                              ──蔡淇華  暢銷書作家、惠文高中圖書館主任不管你在社會上、在家庭裡、在生活中面對多少挫折，看完這本書，你會勇敢活出屬於自己的人生，我想這就是屬於他最終的使命吧。                                                   ──謝邦昌  輔仁大學副校長,心靈勵志
161,火來了，快跑,大師兄,"內容簡介：「接體員」大師兄，火葬場報到！一人答「有」，萬人嗚喔！【千度高溫火化爐的後台世界】  透過小小的檢視孔看出去，又一具棺木緩緩進爐來。當火噴出，我靜靜地看著火苗越來越大，「如果還能再看這人世最後一眼，你希望見到誰呢？」我暗問。棺木破開，一雙將要熔化的眼睛，死死盯著我……  【撿骨】女子的骨灰中，竟然有個燒不化的衣架。莫非是家屬希望她下輩子，可以「依」她的意願而「嫁」？ 【裝罐】兩位家屬互不搭理的叫「摩西分海」；三兄弟現場打起架來的叫「三國鼎立」。那母親走了，兒女一人準備了一個骨灰罐，要「一人分一半的媽媽」，叫什麼？ 【包罐】聽說我想找東西練包罐，每個學長都問我：「你家沒罐子嗎？」我大吃一驚。原來大家的家裡都有骨灰罐，只有我沒有？   熱愛接大體、守冰庫的大師兄，來到了攝氏一千度高溫的火葬場。從零下十度Ｃ的冰庫轉行燒烤，一下子真不習慣。但轉念一想，工作內容沒有辦法選擇，工作態度卻可以自己決定。「我一定要當一個快樂的火葬場人員！」在後台得同時顧許多具火化爐，待冷卻後撿骨、裝罐和封罐，然後進爐掃灰。三十多年來頭一遭，他在頸子貼上痠痛藥布。可是身為客家人，大師兄有「硬頸精神」──脖子上站再多的人，他也挺得住！  本書特色： ◎睽違近兩年，大師兄熱燙動人新作：攝氏一千度高溫的火化爐，不為人知的「後台」世界。 ◎棺材當成了畢業紀念冊，寫滿祝福？撿骨也可以夾哪裡、補哪裡？裝骨灰罐要先放骨盆，「坐在裡面」才不會累？原以為當接體員什麼沒見過……到這裡才知道，火葬場技工是真金不怕火煉呀。 ◎（摘自〈一人一半〉） 裝罐時，如果骨頭比較滿，我們會用小棍子稍微擠壓一下，讓骨頭都能順利地被放入罐內。我正在這麼做時，角落的女子突然說：「他說痛。」 我：「啊？」 女子：「我哥說他痛。」 我：「你哥在哪裡呢？」 女子：「我哥就是你正在裝的那個。他在我旁邊，告訴我他很痛。師父，您可以小力一點嗎？」 …… 我放輕了動作。 名人推薦：◎【一路好走推薦】（依姓名筆劃順序排列）NeKo嗚喵（說書YouTuber）「小冬瓜」郭憲鴻（冬瓜禮儀有限公司/單程旅行社社長）林立書（導演）范逸臣（「你好，我是接體員」音樂劇飾大師兄）曾煥棠（國立臺北護理健康大學「生死與健康心理諮商系」教授）鄭弘儀（主持人）謝念祖（「全民大劇團」團長）",心靈勵志
162,那位神明是抖S,むつきらん,,圖文漫畫
163,隱密的性愛 inside sex,七ノ日,,圖文漫畫
164,Sugar ＆ Mustard－砂糖與黃芥末－,はなさわ浪雄,,圖文漫畫
165,寂寞難耐的抱枕,白松,,圖文漫畫
166,再見．星期五,岡本K宗澄,,圖文漫畫
